subject,number,term,section_count,instruction_modes,instructors
AEROENG,1,Fall 2026,1,In-Person Instruction,Panayiotis Papadopoulos
AEROENG,10,Fall 2026,1,In-Person Instruction,Daniel Pruzan; Mark Wilfried Mueller
AEROENG,100,Fall 2026,1,In-Person Instruction,Christopher Allen Lorenzen; Corey Ippolito
AEROENG,122,Fall 2026,1,In-Person Instruction,Abhijeet Kumar
AEROENG,198,Fall 2026,1,In-Person Instruction,Panayiotis Papadopoulos
AEROENG,C124,Fall 2026,1,In-Person Instruction,Scott James Mccormack
AEROENG,C136,Fall 2026,1,In-Person Instruction,Mark Wilfried Mueller
AEROENG,C136S,Fall 2026,1,In-Person Instruction,Mark Wilfried Mueller
AEROENG,C162,Fall 2026,1,In-Person Instruction,Thomas Lombaerts
AEROENG,C166,Fall 2026,1,In-Person Instruction,Swati Saxena
AEROENG,C193P,Fall 2026,1,In-Person Instruction,Andrew W Reddie
AEROSPC,100,Fall 2026,1,In-Person Instruction,Chloe Thurman; Maxine Lucas; Samantha Van Vynck
AEROSPC,135A,Fall 2026,1,In-Person Instruction,Samantha Van Vynck
AEROSPC,1A,Fall 2026,2,In-Person Instruction,Chloe Thurman; Kevin Syzemore
AEROSPC,2A,Fall 2026,2,In-Person Instruction,Maxine Lucas
AFRICAM,101,Fall 2026,1,In-Person Instruction,Henry Washington Jr
AFRICAM,10A,Fall 2026,1,In-Person Instruction,David Kyeu
AFRICAM,118,Fall 2026,1,In-Person Instruction,G Ugo Nwokeji
AFRICAM,11A,Fall 2026,1,In-Person Instruction,David Kyeu
AFRICAM,139,Fall 2026,2,In-Person Instruction,Brandi Bushman; Darlene Dubuisson
AFRICAM,144,Fall 2026,1,In-Person Instruction,Leigh Raiford
AFRICAM,159,Fall 2026,2,In-Person Instruction,Aya De Leon; Frederick L Vincent
AFRICAM,18A,Fall 2026,1,Online,Amlaku Eshetie
AFRICAM,195,Fall 2026,1,In-Person Instruction,Micah Khater
AFRICAM,198,Fall 2026,1,In-Person Instruction,Ula Yvette Taylor
AFRICAM,198BC,Fall 2026,1,In-Person Instruction,Traveon Rogers; Vernadette Vicuna Gonzalez
AFRICAM,201D,Fall 2026,1,In-Person Instruction,Darlene Dubuisson
AFRICAM,240,Fall 2026,2,In-Person Instruction,Darieck Scott; Leigh Raiford
AFRICAM,27AC,Fall 2026,1,In-Person Instruction,Ameer Hasan Loggins
AFRICAM,296,Fall 2026,1,In-Person Instruction,Tianna S Paschel
AFRICAM,5A,Fall 2026,1,In-Person Instruction,Brandi N Catanese
AFRICAM,602,Fall 2026,1,In-Person Instruction,Tianna S Paschel
AFRICAM,98BC,Fall 2026,1,In-Person Instruction,Traveon Rogers; Vernadette Vicuna Gonzalez
AFRICAM,C133A,Fall 2026,1,In-Person Instruction,Travis Bristol
AFRICAM,R1B,Fall 2026,1,In-Person Instruction,Aya De Leon
AGRS,10A,Fall 2026,1,In-Person Instruction,Chiayi Lee
AGRS,130E,Fall 2026,1,In-Person Instruction,Kim Shelton
AGRS,130F,Fall 2026,1,In-Person Instruction,Trevor M Murphy
AGRS,130S,Fall 2026,1,In-Person Instruction,Giovanni R F Ferrari
AGRS,17A,Fall 2026,1,In-Person Instruction,Elizabeth Keyser
AGRS,24,Fall 2026,1,In-Person Instruction,Anthony A Long
AGRS,R44,Fall 2026,1,In-Person Instruction,Giovanni R F Ferrari; Trevor M Murphy
AHMA,210,Fall 2026,1,In-Person Instruction,Adam Benkato; Duncan E Macrae
AHMA,298,Fall 2026,2,In-Person Instruction,Adam Benkato; Carlos F Norena
AMERSTD,101,Fall 2026,2,In-Person Instruction,Alexander Benjamin Craghead; Sarah Erina Gold McBride
AMERSTD,102,Fall 2026,2,In-Person Instruction,Andy Shanken; Mark Brilliant; Steven M Solomon
AMERSTD,10AC,Fall 2026,1,In-Person Instruction,Sarah Erina Gold McBride
AMERSTD,110,Fall 2026,2,In-Person Instruction,Christine Palmer; David Miller; Dmitri J Brown; Mark Brilliant
AMERSTD,189,Fall 2026,1,In-Person Instruction,Christine Palmer
AMERSTD,191,Fall 2026,1,In-Person Instruction,Sarah Erina Gold McBride
AMERSTD,198,Fall 2026,1,In-Person Instruction,Sarah Erina Gold McBride
AMERSTD,98,Fall 2026,1,In-Person Instruction,Sarah Erina Gold McBride
AMERSTD,C112,Fall 2026,1,In-Person Instruction,Alexander Benjamin Craghead
AMERSTD,C152,Fall 2026,1,In-Person Instruction,Enrique E Lima
AMERSTD,C171,Fall 2026,1,In-Person Instruction,Louise A Mozingo; Shrabya Timsina
AMERSTD,H110,Fall 2026,1,In-Person Instruction,Michael M Cohen
AMERSTD,H195,Fall 2026,1,In-Person Instruction,Alexander Benjamin Craghead
ANTHRO,106,Fall 2026,1,In-Person Instruction,Gustav Steinhardt
ANTHRO,111,Fall 2026,1,In-Person Instruction,Gustav Steinhardt
ANTHRO,112,Fall 2026,1,In-Person Instruction,John Lindo
ANTHRO,121AC,Fall 2026,1,In-Person Instruction,Natasha A Fernandez-Preston
ANTHRO,122A,Fall 2026,1,In-Person Instruction,Jun U Sunseri
ANTHRO,123A,Fall 2026,1,In-Person Instruction,Lisa A Maher
ANTHRO,127A,Fall 2026,1,In-Person Instruction,Louise Corron
ANTHRO,128M,Fall 2026,1,In-Person Instruction,William A White
ANTHRO,136B,Fall 2026,1,In-Person Instruction,Carolyn A Smith
ANTHRO,141,Fall 2026,1,In-Person Instruction,Xin Liu
ANTHRO,142,Fall 2026,1,In-Person Instruction,Sarah E Vaughn
ANTHRO,149,Fall 2026,1,In-Person Instruction,Stefania Pandolfo
ANTHRO,150,Fall 2026,1,In-Person Instruction,Alexei Yurchak
ANTHRO,159,Fall 2026,1,In-Person Instruction,Nicholas Clinton Laluk
ANTHRO,183,Fall 2026,1,In-Person Instruction,Mariane C Ferme
ANTHRO,189,Fall 2026,2,In-Person Instruction,Charles Kendal Hirschkind; James Holston
ANTHRO,196,Fall 2026,1,In-Person Instruction,Randeep Hothi
ANTHRO,215A,Fall 2026,1,In-Person Instruction,Charles L Briggs
ANTHRO,229A,Fall 2026,1,In-Person Instruction,Charlotte Williams
ANTHRO,230,Fall 2026,1,In-Person Instruction,Junko Habu
ANTHRO,235,Fall 2026,1,In-Person Instruction,Carolyn A Smith
ANTHRO,240A,Fall 2026,1,In-Person Instruction,Sarah E Vaughn
ANTHRO,250X,Fall 2026,4,In-Person Instruction,Aarti Sethi; Charles Kendal Hirschkind; Randeep Hothi; Xin Liu
ANTHRO,290,Fall 2026,1,In-Person Instruction,Charles L Briggs
ANTHRO,291,Fall 2026,1,In-Person Instruction,Lisa A Maher
ANTHRO,2AC,Fall 2026,1,In-Person Instruction,William A White
ANTHRO,375,Fall 2026,1,In-Person Instruction,Mariane C Ferme
ANTHRO,3AC,Fall 2026,1,In-Person Instruction,Corinne P Hayden
ANTHRO,98,Fall 2026,1,In-Person Instruction,Charlotte Williams; Sammy Minioza
ANTHRO,C125B,Fall 2026,1,In-Person Instruction,Junko Habu
ANTHRO,C262A,Fall 2026,1,In-Person Instruction,Bryan Wagner
ANTHRO,R5B,Fall 2026,6,In-Person Instruction,Alexa L Kurmanov; Anqi Yu; Bernardo Moreno Peniche; Milly Renee McKenzie; Nicole Mabry; Patrick DeSutter
ARABIC,100A,Fall 2026,1,In-Person Instruction,Haitham S Mohamed
ARABIC,104A,Fall 2026,1,In-Person Instruction,Rama Alhabian
ARABIC,1A,Fall 2026,4,In-Person Instruction,Azza M Ahmad; Elsa Elmahdy; Haitham S Mohamed
ARABIC,1B,Fall 2026,1,In-Person Instruction,Elsa Elmahdy
ARABIC,20A,Fall 2026,1,In-Person Instruction,Haitham S Mohamed
ARCH,100A,Fall 2026,1,In-Person Instruction,Ajay Manthripragada
ARCH,100C,Fall 2026,1,In-Person Instruction,Neyran Turan
ARCH,109,Fall 2026,2,In-Person Instruction,Andrew Atwood; Julie Riley
ARCH,11A,Fall 2026,1,In-Person Instruction,Maria Paz Gutierrez
ARCH,130,Fall 2026,1,In-Person Instruction,C Greig Crysler
ARCH,139,Fall 2026,1,In-Person Instruction,C Greig Crysler
ARCH,142,Fall 2026,1,In-Person Instruction,Gail S Brager
ARCH,144,Fall 2026,1,In-Person Instruction,Charles Salter
ARCH,149,Fall 2026,2,In-Person Instruction,Gail S Brager; Liz Galvez
ARCH,150,Fall 2026,1,In-Person Instruction,Ramon Weber
ARCH,169,Fall 2026,2,In-Person Instruction,Philip Tidwell; Yasmin Vobis
ARCH,170A,Fall 2026,1,In-Person Instruction,Andy Shanken
ARCH,179,Fall 2026,2,In-Person Instruction,Diana Martinez
ARCH,200A,Fall 2026,1,In-Person Instruction,Liz Galvez
ARCH,201,Fall 2026,1,In-Person Instruction,Rene C Davids
ARCH,203,Fall 2026,1,In-Person Instruction,David Jaehning
ARCH,204A,Fall 2026,5,In-Person Instruction,Andrew Cruse; Maria Paz Gutierrez; Rene C Davids; Ronald Rael; Tomas Mckay Alliende
ARCH,205A,Fall 2026,1,In-Person Instruction,Philip Tidwell
ARCH,207A,Fall 2026,1,In-Person Instruction,Ajay Manthripragada
ARCH,207B,Fall 2026,1,Online,Rudabeh Pakravan
ARCH,207C,Fall 2026,1,Online,Luisa Caldas
ARCH,207D,Fall 2026,1,In-Person Instruction,Kristen Sidell
ARCH,209,Fall 2026,3,In-Person Instruction,Andrew Atwood; Christopher L Calott; Julie Riley
ARCH,220A,Fall 2026,1,In-Person Instruction,Matthew Kendall
ARCH,220B,Fall 2026,1,In-Person Instruction,Matthew Kendall
ARCH,239,Fall 2026,1,In-Person Instruction,C Greig Crysler
ARCH,241,Fall 2026,1,In-Person Instruction,Stefano Schiavon
ARCH,242,Fall 2026,1,In-Person Instruction,Gail S Brager
ARCH,245,Fall 2026,1,In-Person Instruction,Luisa Caldas
ARCH,249,Fall 2026,3,In-Person Instruction,Charles Salter; Gail S Brager; Liz Galvez
ARCH,252,Fall 2026,1,In-Person Instruction,Simon Schleicher
ARCH,260,Fall 2026,1,In-Person Instruction,Chris Hamilton; Yasmin Vobis
ARCH,269,Fall 2026,2,In-Person Instruction,Philip Tidwell; Yasmin Vobis
ARCH,270,Fall 2026,1,In-Person Instruction,Alec Stewart
ARCH,279,Fall 2026,2,In-Person Instruction,Diana Martinez
ARESEC,201,Fall 2026,1,In-Person Instruction,
ARESEC,210,Fall 2026,1,In-Person Instruction,Aprajit Mahajan
ARESEC,213,Fall 2026,1,In-Person Instruction,Kirill Borusyak
ARESEC,219A,Fall 2026,1,In-Person Instruction,Jeffrey M Perloff
ARESEC,239,Fall 2026,1,In-Person Instruction,Kirill Borusyak; Thibault Fally
ARESEC,241,Fall 2026,1,In-Person Instruction,Francis Annan; Tamma Carleton
ARESEC,249,Fall 2026,1,In-Person Instruction,Aaron Smith
ARESEC,259,Fall 2026,1,In-Person Instruction,Jeremy R Magruder
ARESEC,261,Fall 2026,1,In-Person Instruction,Joseph S Shapiro; Tamma Carleton
ARESEC,269,Fall 2026,1,In-Person Instruction,Shifrah Aron-Dine
ARESEC,298,Fall 2026,21,In-Person Instruction,Alain Dejanvry; Aprajit Mahajan; Brian Davern Wright; David L Sunding; David Wells Roland Holst; David Zilberman
ARESEC,299,Fall 2026,23,In-Person Instruction,Aaron Smith; Alain Dejanvry; Aprajit Mahajan; Brian Davern Wright; David Zilberman; Elisabeth Sadoulet
ARESEC,400,Fall 2026,19,In-Person Instruction,Alain Dejanvry; Brian Davern Wright; Christian P. Traeger; David L Sunding; David Zilberman; Elisabeth Sadoulet
ARESEC,602,Fall 2026,23,In-Person Instruction,Aaron Smith; Alain Dejanvry; Aprajit Mahajan; Brian Davern Wright; David L Sunding; David Zilberman
ARESEC,C251,Fall 2026,1,In-Person Instruction,Jeremy R Magruder; Marco Gonzalez-Navarro
ARMENI,101A,Fall 2026,1,In-Person Instruction,Myrna Douzjian
ARMENI,1A,Fall 2026,1,In-Person Instruction,Myrna Douzjian
ART,102,Fall 2026,1,In-Person Instruction,Indira Martina Morre
ART,103,Fall 2026,1,In-Person Instruction,Luanne Redeye
ART,116,Fall 2026,1,In-Person Instruction,Fred M Dewitt
ART,118,Fall 2026,1,In-Person Instruction,Indira Martina Morre
ART,119,Fall 2026,2,In-Person Instruction,Al An deSouza; Genevieve M Quick
ART,12,Fall 2026,1,In-Person Instruction,Christopher Christion
ART,13,Fall 2026,1,In-Person Instruction,Fred M Dewitt
ART,132,Fall 2026,1,In-Person Instruction,Cathy C Lu
ART,133,Fall 2026,1,In-Person Instruction,Sandra Ono
ART,14,Fall 2026,1,In-Person Instruction,Xandra Ibarra
ART,15,Fall 2026,1,In-Person Instruction,Emma Logan
ART,160,Fall 2026,1,In-Person Instruction,Emily Gui
ART,165,Fall 2026,1,In-Person Instruction,Indira Martina Morre
ART,17,Fall 2026,1,In-Person Instruction,Emily Gui
ART,172,Fall 2026,1,Online,Greg Niemeyer
ART,173,Fall 2026,1,In-Person Instruction,Christopher S Kubick
ART,180,Fall 2026,1,In-Person Instruction,Bec Imrich
ART,185,Fall 2026,2,In-Person Instruction,Anne G Walsh; Brody L Reiman
ART,199,Fall 2026,1,In-Person Instruction,Anne G Walsh
ART,21,Fall 2026,1,In-Person Instruction,Amy L Elkins
ART,218,Fall 2026,1,In-Person Instruction,Stephanie Syjuco
ART,25,Fall 2026,1,In-Person Instruction,Gaia WXYZ
ART,26,Fall 2026,1,In-Person Instruction,Jeremy Mores McWreath
ART,290,Fall 2026,2,In-Person Instruction,Cathy C Lu; Jeremy Mores McWreath
ART,294,Fall 2026,1,In-Person Instruction,Xandra Ibarra
ART,295,Fall 2026,13,In-Person Instruction,Al An deSouza; Angela Marino; Anne G Walsh; Asma Kazmi; Brody L Reiman; Cathy C Lu
ART,30,Fall 2026,1,In-Person Instruction,Greg Niemeyer
ART,375,Fall 2026,1,In-Person Instruction,Asma Kazmi
ART,8,Fall 2026,1,In-Person Instruction,Asma Kazmi
ASAMST,124,Fall 2026,1,In-Person Instruction,Catherine Ceniza Choy
ASAMST,128AC,Fall 2026,1,In-Person Instruction,Hatem Albazian
ASAMST,131,Fall 2026,1,In-Person Instruction,Khatharya Um
ASAMST,138,Fall 2026,1,In-Person Instruction,Hannah B Michell
ASAMST,141,Fall 2026,1,In-Person Instruction,Michael Chang
ASAMST,143AC,Fall 2026,1,In-Person Instruction,Winston Tseng
ASAMST,146,Fall 2026,1,In-Person Instruction,Lisa S Hirai Tsuchitani
ASAMST,176,Fall 2026,1,In-Person Instruction,Fae Myenne Ng
ASAMST,190,Fall 2026,1,In-Person Instruction,Ida Yalzadeh
ASAMST,20AC,Fall 2026,1,Online,Harvey C Dong
ASAMST,20C,Fall 2026,1,In-Person Instruction,Long Le-Khac
ASAMST,R2A,Fall 2026,1,In-Person Instruction,Sarah Halabe
ASIANST,201,Fall 2026,1,In-Person Instruction,Ling Hon Lam
AST,299,Fall 2026,43,In-Person Instruction,Ahmad K Omar; Alessandra Lanzara; Ali Javey; Andrew R Neureuther; Ashok Ajoy; Ashok Gadgil
ASTRON,11,Fall 2026,1,In-Person Instruction,Courtney Dressing
ASTRON,120,Fall 2026,1,In-Person Instruction,Alan Chew; Jessica Lu
ASTRON,160,Fall 2026,1,In-Person Instruction,Wenbin Lu
ASTRON,199,Fall 2026,1,In-Person Instruction,Alexei V Filippenko
ASTRON,252,Fall 2026,1,In-Person Instruction,Wenbin Lu
ASTRON,292,Fall 2026,2,In-Person Instruction,Alexei V Filippenko; Paul Kalas
ASTRON,299,Fall 2026,15,In-Person Instruction,Aaron Parsons; Alexei V Filippenko; Chung-Pei Ma; Courtney Dressing; Daniel Kasen; Daniel R Weisz
ASTRON,700,Fall 2026,1,In-Person Instruction,Chung-Pei Ma
ASTRON,7A,Fall 2026,1,In-Person Instruction Time Conflict Enrollment Allowed,Michael Bottom
ASTRON,98,Fall 2026,2,In-Person Instruction,Courtney Dressing
ASTRON,C202,Fall 2026,1,In-Person Instruction,Eugene Chiang
ASTRON,C228,Fall 2026,1,In-Person Instruction,Chung-Pei Ma
ASTRON,C285,Fall 2026,1,In-Person Instruction,Daniel Kasen
ASTRON,C290C,Fall 2026,1,In-Person Instruction,Martin White
ASTRON,C292,Fall 2026,1,In-Person Instruction,Burkhard Militzer
BANGLA,1A,Fall 2026,1,In-Person Instruction,Rebecca Diane Whittington
BIOENG,10,Fall 2026,1,In-Person Instruction,Iain Christopher Clark
BIOENG,100,Fall 2026,1,In-Person Instruction,Dorian Liepmann
BIOENG,102,Fall 2026,1,In-Person Instruction,Mohammad Reza Kaazem Pur Mofrad
BIOENG,103,Fall 2026,1,In-Person Instruction,Derfogail Delcassian
BIOENG,105,Fall 2026,1,In-Person Instruction,Moriel Vandsburger
BIOENG,110,Fall 2026,1,In-Person Instruction,Leah Guthrie
BIOENG,114,Fall 2026,1,In-Person Instruction,Phillip B Messersmith; William Yu
BIOENG,121,Fall 2026,1,In-Person Instruction,Aaron Streets
BIOENG,124,Fall 2026,1,In-Person Instruction,Niren Murthy
BIOENG,140L,Fall 2026,1,In-Person Instruction,Chris Anderson
BIOENG,147,Fall 2026,1,In-Person Instruction,Adam P Arkin
BIOENG,150,Fall 2026,1,In-Person Instruction,Seung-Wuk Lee
BIOENG,163,Fall 2026,1,In-Person Instruction,Gerard Marriott
BIOENG,168L,Fall 2026,1,In-Person Instruction,Daniel A Fletcher
BIOENG,192,Fall 2026,1,In-Person Instruction,Amy Elizabeth Herr
BIOENG,200,Fall 2026,1,Online,Seung-Wuk Lee
BIOENG,202,Fall 2026,1,In-Person Instruction,Phillip B Messersmith; William Yu
BIOENG,221,Fall 2026,1,In-Person Instruction,Aaron Streets
BIOENG,224,Fall 2026,1,In-Person Instruction,Niren Murthy
BIOENG,247,Fall 2026,1,In-Person Instruction,Adam P Arkin
BIOENG,252,Fall 2026,1,In-Person Instruction,Syed Hossainy
BIOENG,26,Fall 2026,1,In-Person Instruction,Phillip B Messersmith
BIOENG,263,Fall 2026,1,In-Person Instruction,Gerard Marriott
BIOENG,291,Fall 2026,1,In-Person Instruction,Michael Schilling
BIOENG,297,Fall 2026,1,In-Person Instruction,Derfogail Delcassian
BIOENG,298,Fall 2026,23,In-Person Instruction,Aaron Streets; Adam P Arkin; Amy Elizabeth Herr; Daniel A Fletcher; David Schaffer; Dorian Liepmann
BIOENG,299,Fall 2026,28,In-Person Instruction,Aaron Streets; Adam P Arkin; Amy Elizabeth Herr; Boris Rubinsky; Chris Anderson; Daniel A Fletcher
BIOENG,301,Fall 2026,1,In-Person Instruction,Dorian Liepmann; Eva Cai
BIOENG,98,Fall 2026,1,In-Person Instruction,Moriel Vandsburger
BIOENG,C118,Fall 2026,1,In-Person Instruction,Kevin E Healy
BIOENG,C131,Fall 2026,1,In-Person Instruction,Ian Holmes
BIOENG,C149,Fall 2026,1,In-Person Instruction,Liana Lareau
BIOENG,C165,Fall 2026,1,In-Person Instruction,Steven Conolly
BIOENG,C208,Fall 2026,1,In-Person Instruction,Kevin E Healy
BIOENG,C231,Fall 2026,1,In-Person Instruction,Ian Holmes
BIOENG,C249,Fall 2026,1,In-Person Instruction,Liana Lareau
BIOENG,C261,Fall 2026,1,In-Person Instruction,Steven Conolly
BIOLOGY,1A,Fall 2026,1,In-Person Instruction,Krishna Niyogi; Matthew D Welch; Randy W Schekman
BIOLOGY,1AL,Fall 2026,1,In-Person Instruction,Lorenzo Lones
BIOLOGY,1B,Fall 2026,2,In-Person Instruction,Caroline Margaret Williams; Charles Marshall; Cindy Looy
BIOPHY,292,Fall 2026,1,In-Person Instruction,Hernan Gustavo Garcia
BIOPHY,293A,Fall 2026,1,In-Person Instruction,Hernan Gustavo Garcia
BIOPHY,H196,Fall 2026,1,In-Person Instruction,
BOSCRSR,117A,Fall 2026,1,In-Person Instruction,Andrew Dombrowski
BOSCRSR,27A,Fall 2026,1,In-Person Instruction,Antje Postema
BUDDSTD,200,Fall 2026,1,In-Person Instruction,Jacob Dalton
BUDDSTD,C116,Fall 2026,1,In-Person Instruction,Lu Huang
BUDDSTD,C117,Fall 2026,1,In-Person Instruction,Brian Baumann
BUDDSTD,C120,Fall 2026,1,In-Person Instruction,Sanjyot Mehendale
BUDDSTD,C214,Fall 2026,1,In-Person Instruction,Jacob Dalton
BUDDSTD,C215,Fall 2026,1,In-Person Instruction,Robert H Sharf
BUDDSTD,C220,Fall 2026,1,In-Person Instruction,
BUDDSTD,C223,Fall 2026,1,In-Person Instruction,Robert H Sharf
BUDDSTD,C225,Fall 2026,1,In-Person Instruction,Mark L Blum
BUDDSTD,C50,Fall 2026,1,In-Person Instruction,Robert H Sharf
BURMESE,100A,Fall 2026,1,In-Person Instruction,Kenneth Wong
CATALAN,101,Fall 2026,1,In-Person Instruction,Ana Belen Redondo Campillos
CDSS,170,Fall 2026,2,In-Person Instruction,Narges Norouzi
CDSS,198,Fall 2026,3,In-Person Instruction,Narges Norouzi
CDSS,60,Fall 2026,1,In-Person Instruction,Arpita Roy
CDSS,94,Fall 2026,1,In-Person Instruction,Arpita Roy
CELTIC,128,Fall 2026,1,In-Person Instruction,Myriah Williams
CELTIC,138,Fall 2026,1,In-Person Instruction,Matthew Shelton
CELTIC,145A,Fall 2026,1,In-Person Instruction,Matthew Shelton
CELTIC,16,Fall 2026,1,Online,Myriah Williams
CELTIC,70,Fall 2026,1,In-Person Instruction,Myriah Williams
CHEM,103,Fall 2026,1,In-Person Instruction,Jonathan Rittle
CHEM,104A,Fall 2026,1,In-Person Instruction,Don Tilley
CHEM,105,Fall 2026,1,In-Person Instruction,Ashok Ajoy; Evan Williams
CHEM,115,Fall 2026,1,In-Person Instruction,Alanna Schepartz
CHEM,120B,Fall 2026,1,In-Person Instruction,David T Limmer
CHEM,125,Fall 2026,1,In-Person Instruction,Stephen Robert Leone
CHEM,12A,Fall 2026,1,In-Person Instruction,Brooks A Abel
CHEM,135,Fall 2026,1,In-Person Instruction,Margaux Marie Pinney
CHEM,136,Fall 2026,1,In-Person Instruction,Matthew B Francis
CHEM,199,Fall 2026,1,In-Person Instruction,Jay D Keasling
CHEM,1A,Fall 2026,3,In-Person Instruction,Alexis Shusterman; Debjani Roy
CHEM,1AL,Fall 2026,3,In-Person Instruction,Michelle Christine Douskey
CHEM,200,Fall 2026,1,In-Person Instruction,Colin Alexander Gould
CHEM,201,Fall 2026,1,In-Person Instruction,Alexandra Brown
CHEM,220A,Fall 2026,1,In-Person Instruction,Bingqing Cheng
CHEM,221A,Fall 2026,1,In-Person Instruction,Eric William Neuscamman
CHEM,236,Fall 2026,1,In-Person Instruction,Matthew B Francis
CHEM,250A,Fall 2026,1,In-Person Instruction,Alexandra Brown
CHEM,252A,Fall 2026,1,In-Person Instruction,Don Tilley
CHEM,252B,Fall 2026,1,In-Person Instruction,Don Tilley
CHEM,260,Fall 2026,1,In-Person Instruction,Colin Alexander Gould
CHEM,261A,Fall 2026,1,In-Person Instruction,Ziyang Zhang
CHEM,261B,Fall 2026,1,In-Person Instruction,Ziyang Zhang
CHEM,274A,Fall 2026,1,Online,Benjamin Pritchard; Jessica A Nash
CHEM,274B,Fall 2026,1,Online,Noah Flynn
CHEM,277A,Fall 2026,1,Online,Markus Hohle
CHEM,277B,Fall 2026,1,Online,Markus Hohle
CHEM,279,Fall 2026,1,Online,Mayank Agrawal
CHEM,280,Fall 2026,1,Online,Markus Hohle; Taylor Barnes
CHEM,281,Fall 2026,1,Online,Taylor Barnes
CHEM,298,Fall 2026,97,In-Person Instruction; In-Person Instruction Time Conflict Enrollment Allowed,Adam P Arkin; Ahmet Yildiz; Alanna Schepartz; Alex K Zettl; Alexander Katz; Alexander Pines
CHEM,299,Fall 2026,89,In-Person Instruction; In-Person Instruction Time Conflict Enrollment Allowed,Adam P Arkin; Ahmet Yildiz; Alanna Schepartz; Alex K Zettl; Alexander Katz; Alexander Pines
CHEM,300,Fall 2026,58,In-Person Instruction,Alanna Schepartz; Alexander Pines; Alexandra Brown; Alexis Shusterman; Andreas Martin; Anne M Baranger
CHEM,301,Fall 2026,1,In-Person Instruction,Robert G Bergman
CHEM,301C,Fall 2026,2,In-Person Instruction,Debjani Roy
CHEM,3A,Fall 2026,2,In-Person Instruction,MaryAnn Robak
CHEM,3AL,Fall 2026,2,In-Person Instruction,Katie Blackford
CHEM,3B,Fall 2026,2,In-Person Instruction,Peter C Marsden
CHEM,3BL,Fall 2026,2,In-Person Instruction,Raffaele R Perrotta
CHEM,4A,Fall 2026,1,In-Person Instruction,Jennifer Beth Bergner; Kristie A Boering
CHEM,96,Fall 2026,1,In-Person Instruction,Daniel M Neumark
CHEM,98,Fall 2026,2,In-Person Instruction,Anne M Baranger
CHEM,C110L,Fall 2026,1,In-Person Instruction,Isabelle Le Blanc
CHEM,C130,Fall 2026,1,In-Person Instruction,Bronwyn Ayla Lucas; James H Cate; Susan Marqusee
CHEM,C150,Fall 2026,1,In-Person Instruction,Hendrik Utzat
CHEM,C191A,Fall 2026,1,In-Person Instruction,K Birgitta Whaley; Umesh V Vazirani
CHICANO,130,Fall 2026,1,In-Person Instruction,Jesus V Barraza
CHICANO,132,Fall 2026,1,In-Person Instruction,Jesus V Barraza
CHICANO,135B,Fall 2026,1,In-Person Instruction,Raymond Telles
CHICANO,141,Fall 2026,1,In-Person Instruction,Laura E Perez
CHICANO,161,Fall 2026,1,In-Person Instruction,Enrique E Lima
CHICANO,180,Fall 2026,2,In-Person Instruction,Pablo Gonzalez
CHICANO,190,Fall 2026,2,In-Person Instruction,Christian O Paiz; Nicholas Vargas
CHICANO,50,Fall 2026,1,In-Person Instruction,Pablo Gonzalez
CHICANO,R1A,Fall 2026,1,In-Person Instruction,Jose Eduardo Valdivia Heredia
CHINESE,100A,Fall 2026,1,In-Person Instruction,Hsinyu Lin
CHINESE,100XA,Fall 2026,1,In-Person Instruction,Weisi Cai
CHINESE,102,Fall 2026,1,In-Person Instruction,Chunhong Xie
CHINESE,10A,Fall 2026,2,In-Person Instruction,Chunhong Xie
CHINESE,110A,Fall 2026,1,In-Person Instruction,Ling Hon Lam
CHINESE,111,Fall 2026,1,In-Person Instruction,Weisi Cai
CHINESE,134,Fall 2026,1,In-Person Instruction,Paula M Varsano
CHINESE,156,Fall 2026,1,In-Person Instruction,Christopher Rea
CHINESE,188,Fall 2026,1,In-Person Instruction,Christopher Rea
CHINESE,1A,Fall 2026,3,In-Person Instruction,Allyson Weiyong Kohen Tang; Damien Donnelly; Hardy Stewart
CHINESE,1B,Fall 2026,1,In-Person Instruction,Damien Donnelly
CHINESE,1X,Fall 2026,2,In-Person Instruction,Hsinyu Lin
CHINESE,234,Fall 2026,1,In-Person Instruction,Robert Ashmore
CHINESE,255,Fall 2026,1,In-Person Instruction,Sophie Y Volpp
CHINESE,30A,Fall 2026,1,In-Person Instruction,Chi Leung Chan
CHINESE,3A,Fall 2026,1,In-Person Instruction,Chi Leung Chan
CHINESE,3X,Fall 2026,1,In-Person Instruction,Chi Leung Chan
CHINESE,4A,Fall 2026,1,Online,Hsin-Hung Yeh
CHINESE,4B,Fall 2026,1,Online,Hsin-Hung Yeh
CHINESE,7A,Fall 2026,1,In-Person Instruction,Robert Ashmore
CHINESE,C116,Fall 2026,1,In-Person Instruction,Lu Huang
CHINESE,C223,Fall 2026,1,In-Person Instruction,Robert H Sharf
CHMENG,130,Fall 2026,1,In-Person Instruction,Rui Wang
CHMENG,140,Fall 2026,1,In-Person Instruction,Negar Beheshti Pour; Shannon Boettcher
CHMENG,142,Fall 2026,1,In-Person Instruction,Shiyu Xia
CHMENG,150B,Fall 2026,1,In-Person Instruction,Alexander Katz
CHMENG,154,Fall 2026,1,In-Person Instruction,Negar Beheshti Pour
CHMENG,160,Fall 2026,1,In-Person Instruction,Laura Hirshfield
CHMENG,162,Fall 2026,1,In-Person Instruction,Ali Mesbah
CHMENG,170A,Fall 2026,1,In-Person Instruction,Jason A Ryder; Wenjun Zhang
CHMENG,236,Fall 2026,1,In-Person Instruction,Aditi S Krishnapriyan
CHMENG,240,Fall 2026,1,In-Person Instruction,Carlo Carraro
CHMENG,244,Fall 2026,1,In-Person Instruction,Neil Kanth Razdan
CHMENG,250,Fall 2026,1,In-Person Instruction,Karthik Shekhar
CHMENG,270A,Fall 2026,1,In-Person Instruction,Jason A Ryder; Wenjun Zhang
CHMENG,295P,Fall 2026,1,In-Person Instruction,Keith Alexander; Steven F Sciamanna; Sudhir Joshi
CHMENG,298,Fall 2026,2,In-Person Instruction,Jeffrey Allen Reimer; Joelle Frechette
CHMENG,298B,Fall 2026,1,In-Person Instruction,Bob D Kiss; Jason A Ryder
CHMENG,298C,Fall 2026,3,In-Person Instruction,Karthik Shekhar
CHMENG,299,Fall 2026,1,In-Person Instruction,Keith Alexander; Steven F Sciamanna; Sudhir Joshi
CHMENG,98,Fall 2026,2,In-Person Instruction,Karthik Shekhar
CHMENG,C170L,Fall 2026,1,In-Person Instruction,Francis J Cunningham; Frederick Fairbank Twigg
CHMENG,C178,Fall 2026,1,In-Person Instruction,Nitash P Balsara
CIVENG,100,Fall 2026,1,In-Person Instruction,Evan A Variano
CIVENG,108,Fall 2026,1,In-Person Instruction,Mark Stacey
CIVENG,11,Fall 2026,1,In-Person Instruction,Robert Harley
CIVENG,111,Fall 2026,1,In-Person Instruction,Baoxia Mi
CIVENG,111L,Fall 2026,1,In-Person Instruction,Baoxia Mi
CIVENG,112,Fall 2026,1,In-Person Instruction,Kenichi Soga
CIVENG,115,Fall 2026,1,In-Person Instruction,David L Sedlak
CIVENG,122,Fall 2026,1,In-Person Instruction,Tracy Becker
CIVENG,124,Fall 2026,1,In-Person Instruction,David Alan Hugo Kren
CIVENG,126,Fall 2026,1,In-Person Instruction,Matthew De Jong
CIVENG,155,Fall 2026,1,In-Person Instruction,Michael J Cassidy
CIVENG,167,Fall 2026,1,In-Person Instruction,Manar Shami
CIVENG,170A,Fall 2026,1,In-Person Instruction,Dimitrios Zekkos; Kenichi Soga
CIVENG,173,Fall 2026,1,In-Person Instruction,Robert C Lanzafame
CIVENG,186,Fall 2026,1,In-Person Instruction,Scott J Moura
CIVENG,187,Fall 2026,2,In-Person Instruction; Online,Raja Sengupta
CIVENG,193,Fall 2026,1,In-Person Instruction,Luis Alfredo Ceferino Rojas
CIVENG,197,Fall 2026,1,In-Person Instruction,Robert Harley
CIVENG,198,Fall 2026,10,In-Person Instruction,Baoxia Mi; David Alan Hugo Kren; Franco Zunino; Iris Denise Tommelein; Jasenka M Rakas; Maya Carrasquillo
CIVENG,199,Fall 2026,9,In-Person Instruction,Cesunica Ivey; Dimitrios A Konstantinidis; Franco Zunino; Jasenka M Rakas; Jonathan D Bray; Khalid M Mosalam
CIVENG,200A,Fall 2026,1,In-Person Instruction,Fotini Katopodes Chow
CIVENG,211A,Fall 2026,1,In-Person Instruction,Baoxia Mi; David L Sedlak
CIVENG,218A,Fall 2026,1,In-Person Instruction,Cesunica Ivey
CIVENG,220,Fall 2026,1,In-Person Instruction,Dimitrios A Konstantinidis
CIVENG,225,Fall 2026,1,In-Person Instruction,Matthew De Jong
CIVENG,24,Fall 2026,1,In-Person Instruction,Evan A Variano
CIVENG,241,Fall 2026,1,In-Person Instruction,Franco Zunino
CIVENG,244,Fall 2026,1,In-Person Instruction,Eyitayo Ademola Opabola
CIVENG,251,Fall 2026,1,In-Person Instruction,Michael J Cassidy
CIVENG,252,Fall 2026,1,In-Person Instruction,Mark Hansen
CIVENG,262,Fall 2026,1,In-Person Instruction,Jean C Doig Godier
CIVENG,268A,Fall 2026,1,In-Person Instruction,Iris Denise Tommelein
CIVENG,268E,Fall 2026,1,In-Person Instruction,Arpad Horvath
CIVENG,268H,Fall 2026,1,In-Person Instruction,Richard Disney
CIVENG,270,Fall 2026,1,In-Person Instruction,Adda Athanasopoulos Zekkos
CIVENG,275,Fall 2026,1,In-Person Instruction,Jonathan D Bray
CIVENG,278,Fall 2026,1,In-Person Instruction,Dimitrios Zekkos; Kenichi Soga
CIVENG,281,Fall 2026,1,In-Person Instruction,Robert Kayen
CIVENG,282,Fall 2026,1,In-Person Instruction,Maya Carrasquillo
CIVENG,290I,Fall 2026,1,In-Person Instruction,Raja Sengupta
CIVENG,291D,Fall 2026,1,In-Person Instruction,Maria Laura Delle Monache
CIVENG,292B,Fall 2026,1,In-Person Instruction,Mark Stacey
CIVENG,293A,Fall 2026,1,In-Person Instruction,Luis Alfredo Ceferino Rojas
CIVENG,297,Fall 2026,3,In-Person Instruction,Dimitrios Zekkos; Luis Alfredo Ceferino Rojas; Tracy Becker
CIVENG,298,Fall 2026,5,In-Person Instruction; In-Person Instruction Time Conflict Enrollment Allowed,Adda Athanasopoulos Zekkos; Daniel Arnold; Robert Harley; Scott J Moura; Susan Shaheen; Tracy Becker
CIVENG,299,Fall 2026,65,In-Person Instruction,Adda Athanasopoulos Zekkos; Alexander Skabardonis; Alexandre Bayen; Allen Goldstein; Amy Janel Pickering; Arpad Horvath
CIVENG,375,Fall 2026,1,In-Person Instruction,Evan A Variano
CIVENG,60,Fall 2026,1,In-Person Instruction,SHAOFAN LI
CIVENG,601,Fall 2026,2,In-Person Instruction,David L Sedlak; Luis Alfredo Ceferino Rojas
CIVENG,602,Fall 2026,1,In-Person Instruction,
CIVENG,70,Fall 2026,1,In-Person Instruction,Dimitrios Zekkos
CIVENG,93,Fall 2026,1,In-Person Instruction,Ziqi Wang
CIVENG,98,Fall 2026,3,In-Person Instruction,Amy Janel Pickering; Francisco Armero
CIVENG,99,Fall 2026,1,In-Person Instruction,Scott J Moura
CIVENG,C231,Fall 2026,1,In-Person Instruction,Frank Wang
CIVENG,C263H,Fall 2026,1,In-Person Instruction,Marta C Gonzalez
CIVENG,C30,Fall 2026,1,In-Person Instruction,Sanjay Govindjee
CLASSIC,202A,Fall 2026,1,In-Person Instruction,Jackie Elliott
CLASSIC,230,Fall 2026,1,In-Person Instruction,Ellen S Oliensis
CLASSIC,239,Fall 2026,1,In-Person Instruction,Adam Benkato; Duncan E Macrae
CLASSIC,270,Fall 2026,1,In-Person Instruction,Linda Gosner
CLASSIC,298,Fall 2026,1,In-Person Instruction,
CLASSIC,302,Fall 2026,3,In-Person Instruction,Adam Benkato; Giovanni R F Ferrari
CLASSIC,375,Fall 2026,1,In-Person Instruction Time Conflict Enrollment Allowed,Duncan E Macrae
CMPBIO,198BC,Fall 2026,1,In-Person Instruction Time Conflict Enrollment Allowed,Yun S. Song
CMPBIO,275,Fall 2026,1,In-Person Instruction,Priya G Moorjani
CMPBIO,290,Fall 2026,1,In-Person Instruction,Allon Wagner
CMPBIO,293,Fall 2026,1,In-Person Instruction,Denis V Titov; Priya G Moorjani; Yulin Zhang
CMPBIO,294A,Fall 2026,1,In-Person Instruction,Liana Lareau
CMPBIO,98BC,Fall 2026,1,In-Person Instruction,Yun S. Song
CMPBIO,C131,Fall 2026,1,In-Person Instruction,Ian Holmes
CMPBIO,C149,Fall 2026,1,In-Person Instruction,Liana Lareau
CMPBIO,C231,Fall 2026,1,In-Person Instruction,Ian Holmes
CMPBIO,C249,Fall 2026,1,In-Person Instruction,Liana Lareau
COGSCI,1,Fall 2026,1,In-Person Instruction,Davina Chan
COGSCI,115,Fall 2026,1,In-Person Instruction,Davina Chan
COGSCI,131,Fall 2026,2,In-Person Instruction,Jose A Ramirez
COGSCI,132,Fall 2026,1,In-Person Instruction,Jose A Ramirez
COGSCI,175,Fall 2026,1,In-Person Instruction,Sahar M Yousef
COGSCI,180,Fall 2026,1,In-Person Instruction,Davina Chan
COGSCI,198,Fall 2026,1,In-Person Instruction,
COGSCI,C127,Fall 2026,1,In-Person Instruction,Amitai Shenhav
COGSCI,C142,Fall 2026,1,In-Person Instruction,Terry Regier
COLWRIT,10A,Fall 2026,1,In-Person Instruction,Lindsey Lanfersieck
COLWRIT,11,Fall 2026,2,Online,Benjamin A Spanbock; David C Wiese; Mary Grover; Ryan R Sloan
COLWRIT,130,Fall 2026,1,In-Person Instruction,Kimberly Freeman; Michael E Larkin
COLWRIT,131,Fall 2026,1,In-Person Instruction,Kaya Oakes
COLWRIT,143A,Fall 2026,2,In-Person Instruction,Peter B Vahle
COLWRIT,25AC,Fall 2026,1,In-Person Instruction,Margi Wald
COLWRIT,43A,Fall 2026,2,In-Person Instruction,Peter B Vahle
COLWRIT,R1A,Fall 2026,39,In-Person Instruction; Online,Andrew Yim; Aparajita Nanda; Belinda Kremer; Bridgette Portman; Chisako A Cole; David Jamieson
COLWRIT,R4A,Fall 2026,12,In-Person Instruction; Online,Angela Hume; Becky Hsu; Benjamin A Spanbock; Donnett M Flash; Jordan A Ruyle; Mary Grover
COLWRIT,R4B,Fall 2026,29,In-Person Instruction; Online,Becky Hsu; Carmen M Acevedo Butcher; Caroline M Cole; David C Wiese; David D Walter; John Levine
COMLIT,100,Fall 2026,3,In-Person Instruction,Jocelyn Saidenberg; Leslie V Kurke; Ramsey McGlazer
COMLIT,100A,Fall 2026,1,In-Person Instruction,Yael Tova Segalovitz
COMLIT,154,Fall 2026,1,In-Person Instruction,Robert G Kaufman
COMLIT,155,Fall 2026,1,In-Person Instruction,Roni Masel
COMLIT,170,Fall 2026,1,In-Person Instruction,Johan Klingborg
COMLIT,171,Fall 2026,1,In-Person Instruction,Christopher P Scott
COMLIT,190,Fall 2026,2,In-Person Instruction,Robert G Kaufman; Roni Masel
COMLIT,198BC,Fall 2026,1,In-Person Instruction,Sophie Y Volpp
COMLIT,20,Fall 2026,1,In-Person Instruction,Christopher P Scott
COMLIT,200,Fall 2026,1,In-Person Instruction,Mario Telo
COMLIT,201,Fall 2026,1,In-Person Instruction,
COMLIT,202C,Fall 2026,1,In-Person Instruction,Michael Lucey
COMLIT,223,Fall 2026,1,In-Person Instruction,Anne-Lise Francois
COMLIT,250,Fall 2026,1,In-Person Instruction,Niklaus E Largier
COMLIT,258,Fall 2026,1,In-Person Instruction,Yael Tova Segalovitz
COMLIT,375,Fall 2026,1,In-Person Instruction,Karina Ruth-Esther Palau
COMLIT,60AC,Fall 2026,1,In-Person Instruction,Dora Zhang
COMLIT,98BC,Fall 2026,1,In-Person Instruction,Sophie Y Volpp
COMLIT,R1A,Fall 2026,5,In-Person Instruction,Belen Bistue; Christian Gonzalez Reyes; Danielle Marie Stephenson; Hannah Catherine Frakes
COMLIT,R1B,Fall 2026,8,In-Person Instruction,Abigail Hope Schott-Rosenfield; Alexander Lin; Cory Nguyen; Gianna Theodora Ward-Vetrano; Hannah Katznelson; Harry Ikue Mizumoto
COMLIT,R3B,Fall 2026,1,In-Person Instruction,Karina Ruth-Esther Palau
COMPBIO,299,Fall 2026,1,In-Person Instruction,Fenyong Liu
COMPSCI,10,Fall 2026,1,In-Person Instruction Time Conflict Enrollment Allowed,Dan Garcia
COMPSCI,152,Fall 2026,1,In-Person Instruction Time Conflict Enrollment Allowed,Christopher Fletcher
COMPSCI,160,Fall 2026,1,In-Person Instruction,Eric Paulos
COMPSCI,161,Fall 2026,1,In-Person Instruction Time Conflict Enrollment Allowed,David Wagner; Peyrin Kao
COMPSCI,162,Fall 2026,1,In-Person Instruction,John Kubiatowicz
COMPSCI,164,Fall 2026,1,In-Person Instruction,Max Willsey
COMPSCI,168,Fall 2026,1,In-Person Instruction Time Conflict Enrollment Allowed,Ion Stoica; Sylvia Ratnasamy
COMPSCI,169A,Fall 2026,1,In-Person Instruction,Michael Ball
COMPSCI,170,Fall 2026,1,In-Person Instruction,John Wright; Nika Haghtalab
COMPSCI,171,Fall 2026,1,In-Person Instruction,Sanjam Garg
COMPSCI,180,Fall 2026,1,In-Person Instruction,Alexei Efros; Ren Ng
COMPSCI,184,Fall 2026,1,Online,James O'Brien
COMPSCI,186,Fall 2026,1,In-Person Instruction Time Conflict Enrollment Allowed,Alvin Cheung
COMPSCI,188,Fall 2026,1,In-Person Instruction Time Conflict Enrollment Allowed,Emma Pierson; Peyrin Kao
COMPSCI,189,Fall 2026,1,In-Person Instruction,Joseph E. Gonzalez; Narges Norouzi
COMPSCI,194,Fall 2026,4,In-Person Instruction,Allon Wagner; Armando Fox; Dan Garcia; John DeNero; Josh Grossman; Kay Ousterhout
COMPSCI,198,Fall 2026,9,In-Person Instruction; In-Person Instruction Time Conflict Enrollment Allowed,Abby Li; Anant Sahai; Bruno Fregoni Rebelo Leopoldo; Dan Garcia; Erdaifu Luo; Han Li
COMPSCI,252A,Fall 2026,1,In-Person Instruction Time Conflict Enrollment Allowed,Christopher Fletcher
COMPSCI,260A,Fall 2026,1,In-Person Instruction,Eric Paulos
COMPSCI,260B,Fall 2026,1,In-Person Instruction,Bjoern Hartmann
COMPSCI,262A,Fall 2026,1,In-Person Instruction,Rishabh Iyer
COMPSCI,264,Fall 2026,1,In-Person Instruction,Koushik Sen
COMPSCI,271,Fall 2026,1,In-Person Instruction,Alistair J Sinclair
COMPSCI,280A,Fall 2026,1,In-Person Instruction,Alexei Efros; Ren Ng
COMPSCI,282A,Fall 2026,1,In-Person Instruction Time Conflict Enrollment Allowed,Gireeja Vishnu Ranade
COMPSCI,284A,Fall 2026,1,Online,James O'Brien
COMPSCI,289A,Fall 2026,1,In-Person Instruction,Joseph E. Gonzalez; Narges Norouzi
COMPSCI,294,Fall 2026,11,In-Person Instruction; In-Person Instruction Time Conflict Enrollment Allowed,Aditi S Krishnapriyan; Allon Wagner; Anca Dragan; Armando Fox; Benjamin Recht; Dan Garcia
COMPSCI,298,Fall 2026,2,In-Person Instruction,Ana Arias; Avishay Tal
COMPSCI,365,Fall 2026,1,In-Person Instruction,Christopher Todd Hunn
COMPSCI,375,Fall 2026,1,In-Person Instruction,Michael Ball
COMPSCI,47A,Fall 2026,1,In-Person Instruction,John DeNero; Kay Ousterhout
COMPSCI,47B,Fall 2026,1,In-Person Instruction,Joshua A Hug; Manuel A Sabin
COMPSCI,47C,Fall 2026,1,In-Person Instruction,Dan Garcia
COMPSCI,61A,Fall 2026,1,In-Person Instruction Time Conflict Enrollment Allowed,John DeNero; Kay Ousterhout
COMPSCI,61B,Fall 2026,1,In-Person Instruction Time Conflict Enrollment Allowed,Joshua A Hug; Manuel A Sabin
COMPSCI,61C,Fall 2026,1,In-Person Instruction Time Conflict Enrollment Allowed,Dan Garcia
COMPSCI,70,Fall 2026,1,In-Person Instruction,Joshua A Hug; Manuel A Sabin
COMPSCI,C182,Fall 2026,1,In-Person Instruction Time Conflict Enrollment Allowed,Gireeja Vishnu Ranade
COMPSCI,C249A,Fall 2026,1,In-Person Instruction,Prabal Dutta; Sanjit A Seshia
COMPSCI,C281A,Fall 2026,1,In-Person Instruction,Jason Lee
COMPSS,211A,Fall 2026,1,In-Person Instruction,Arul Murugan Renganathan; Tom Van Nuenen
COMPSS,211B,Fall 2026,1,In-Person Instruction,Kerry Rodden
COMPSS,212,Fall 2026,1,In-Person Instruction,Arman Daniel Catterson; Yi-Ke Peng
COMPSS,214A,Fall 2026,1,In-Person Instruction,Eos Trinidad
COMPSS,215,Fall 2026,1,In-Person Instruction,Rachel Williams
CPH,200A,Fall 2026,1,In-Person Instruction,Ahmed Alaa
CPH,215,Fall 2026,7,In-Person Instruction,
CPH,270,Fall 2026,1,In-Person Instruction,Ahmed Alaa
CPH,299,Fall 2026,9,In-Person Instruction,Adam Yala; Ahmed Alaa; Charles Frederick Whittaker; Irene Y Chen; Mark van der Laan; Maya Petersen
CPH,C100,Fall 2026,1,In-Person Instruction,Irene Y Chen
CRITTH,290,Fall 2026,1,In-Person Instruction,Christopher Lawrence Tomlins
CUNEIF,100A,Fall 2026,1,In-Person Instruction,Laurie Pearce
CYBER,200,Fall 2026,2,Online,Kim Jones; Tiffany Rad
CYBER,201,Fall 2026,3,Online,Francisco Lopez Laplace; Matthew D Holmes; Robert Crawford
CYBER,207,Fall 2026,1,Online,Nahid Farhady Ghalaty
CYBER,210,Fall 2026,2,Online,Jennia Hizver
CYBER,211,Fall 2026,1,Online,Matthew J Garrett
CYBER,212,Fall 2026,1,Online,Aaron Estes
CYBER,220,Fall 2026,1,Online,Alissa Abdullah; Davis Yadsko Hake
CYBER,252,Fall 2026,1,Online,Kristy Westphal
CYBER,284,Fall 2026,1,Online,Jennia Hizver
CYBER,295,Fall 2026,1,Online,Ryan K Liu; Sekhar Sarukkai
CYPLAN,101,Fall 2026,1,In-Person Instruction,Maryam Hosseini
CYPLAN,110,Fall 2026,1,In-Person Instruction,Alli Appelbaum
CYPLAN,113A,Fall 2026,1,In-Person Instruction,Maximilian Alexander Buchholz
CYPLAN,115,Fall 2026,1,In-Person Instruction,Alli Appelbaum
CYPLAN,119,Fall 2026,1,In-Person Instruction,Charisma S Acey
CYPLAN,124,Fall 2026,1,In-Person Instruction,Daniel Rodriguez
CYPLAN,180A,Fall 2026,1,In-Person Instruction,Margaretta Lin
CYPLAN,180B,Fall 2026,1,In-Person Instruction,Joshua Muldavin
CYPLAN,200,Fall 2026,1,In-Person Instruction,Sai S Balakrishnan
CYPLAN,201A,Fall 2026,1,In-Person Instruction,Charisma S Acey
CYPLAN,205,Fall 2026,1,In-Person Instruction,Justin D Bigelow
CYPLAN,218,Fall 2026,1,In-Person Instruction,Karen Frick
CYPLAN,230,Fall 2026,1,In-Person Instruction,Ben Metcalf; Douglas Shoemaker
CYPLAN,24,Fall 2026,1,In-Person Instruction,Sai S Balakrishnan
CYPLAN,248,Fall 2026,1,In-Person Instruction,Zachary Lamb
CYPLAN,253,Fall 2026,1,In-Person Instruction,Zoe Hamstead
CYPLAN,280C,Fall 2026,1,In-Person Instruction,Zoe Hamstead
CYPLAN,284,Fall 2026,1,In-Person Instruction,Teresa Caldeira
CYPLAN,290,Fall 2026,3,In-Person Instruction; In-Person Instruction Time Conflict Enrollment Allowed,Andrea L. Broaddus; Kenneth Salo; Maryam Hosseini
CYPLAN,293,Fall 2026,1,In-Person Instruction,Zoe Hamstead
CYPLAN,98,Fall 2026,2,In-Person Instruction; In-Person Instruction Time Conflict Enrollment Allowed,Ethan Benjamin Jiang; Jack Walter Kukulski; Ryan Francis Cannon; Stephanie Ong Landaverde
CYPLAN,C240,Fall 2026,1,In-Person Instruction,Matthew Lasner
CYPLAN,C241,Fall 2026,1,In-Person Instruction,Zachary Lamb
CYPLAN,C256,Fall 2026,1,In-Person Instruction,Jason Corburn
CYPLAN,C257H,Fall 2026,1,In-Person Instruction,Marta C Gonzalez
CYPLAN,C261,Fall 2026,1,In-Person Instruction,Erik Prince; Kimberly Rose Garza
DANISH,1A,Fall 2026,1,In-Person Instruction,Ingrid Gyldenkaerne Dossing; Lotta Linnea Weckstrom
DATA,144,Fall 2026,1,Online Time Conflict Enrollment Allowed This class is audio and/or visually recorded,Zachary A Pardos
DATA,198,Fall 2026,1,In-Person Instruction,
DATA,375,Fall 2026,1,In-Person Instruction Time Conflict Enrollment Allowed,Lisa Yan
DATA,89,Fall 2026,1,In-Person Instruction,Josh Grossman
DATA,C100,Fall 2026,1,In-Person Instruction This class is audio and/or visually recorded,Jeremy Sanchez; Ramesh Sridharan
DATA,C101,Fall 2026,1,In-Person Instruction This class is audio and/or visually recorded,Aditya Parameswaran
DATA,C102,Fall 2026,1,In-Person Instruction,Alexander Strang
DATA,C104,Fall 2026,1,In-Person Instruction,Ari S Edmundson; Cathryn Carson
DATA,C140,Fall 2026,1,In-Person Instruction,Ani Adhikari
DATA,C146,Fall 2026,1,In-Person Instruction,Irene Y Chen
DATA,C182,Fall 2026,1,In-Person Instruction,Gireeja Vishnu Ranade
DATA,C200,Fall 2026,1,In-Person Instruction,Jeremy Sanchez; Ramesh Sridharan
DATA,C204,Fall 2026,1,In-Person Instruction,Ari S Edmundson
DATA,C6,Fall 2026,1,In-Person Instruction,John Louis-Strakes Lopez; Jonathan Pedroza
DATA,C8,Fall 2026,2,In-Person Instruction This class is audio and/or visually recorded; Online,Lisa Yan
DATA,C88C,Fall 2026,2,In-Person Instruction Time Conflict Enrollment Allowed This class is audio and/or visually recorded; Online Time Conflict Enrollment Allowed This class is audio and/or visually recorded,John DeNero; Kay Ousterhout
DATASCI,200,Fall 2026,5,Online,Gerald Benoit; Gunnar Kleemann; Mumin Khan
DATASCI,201,Fall 2026,7,Online,Brooks Daniel Ambrose; Mark Labovitz; Michael Rivera
DATASCI,203,Fall 2026,4,Online,Gunnar Kleemann; Paul Laskowski
DATASCI,204,Fall 2026,9,Online,Clinton W Brownley; Mitchell Karchemsky; Shiraz Chakraverty; Vinicio De Sola; Ysis Tarter
DATASCI,207,Fall 2026,6,Online,Cornelia Paulik; John Santerre; Paul Laskowski; Uri Schonfeld
DATASCI,209,Fall 2026,2,Online,Andrew Reagan; Fereshteh Amini
DATASCI,210,Fall 2026,6,Online,Frederick Nugen; Joyce Shen; Korin Reid; Puya Vahabi; Todd Holloway; Uri Schonfeld
DATASCI,221,Fall 2026,1,Online,Joyce Shen
DATASCI,231,Fall 2026,1,Online,Morgan G Ames
DATASCI,241,Fall 2026,3,Online,D. Alex Hughes; Scott Mark Guenther
DATASCI,255,Fall 2026,4,Online,James York-Winegar; Stephen Muchovej
DATASCI,261,Fall 2026,3,Online,Siinn Che; Vinicio De Sola
DATASCI,266,Fall 2026,3,Online,Mark H Butler; Michael Tamir; Paul Spiegelhalter
DATASCI,267,Fall 2026,5,Online,Bum Chul Kwon; Mak Ahmad; Mark H Butler; Peter Grabowski
DATASCI,271,Fall 2026,1,Online,Majid Makinayeri
DATASCI,281,Fall 2026,2,Online,Senthil Periaswamy; Vasha Du Tell
DEMOG,110,Fall 2026,1,In-Person Instruction,Ayesha S Mahmud
DEMOG,130,Fall 2026,1,In-Person Instruction,Jenna Nobles
DEMOG,198,Fall 2026,2,In-Person Instruction,
DEMOG,210,Fall 2026,1,In-Person Instruction,Ayesha S Mahmud
DEMOG,220,Fall 2026,1,In-Person Instruction,Jenna Nobles
DEMOG,298,Fall 2026,6,In-Person Instruction,Ayesha S Mahmud; Cara Elisabeth Brook; Charles Frederick Whittaker; Dennis M Feehan; Jenna Nobles; Joshua R Goldstein
DEMOG,299,Fall 2026,4,In-Person Instruction,Ayesha S Mahmud; Dennis M Feehan; Jennifer Johnson-Hanks; Joshua R Goldstein
DEMOG,301,Fall 2026,2,In-Person Instruction,Dennis M Feehan
DEMOG,601,Fall 2026,4,In-Person Instruction,Ayesha S Mahmud; Dennis M Feehan; Jenna Nobles; Joshua R Goldstein
DEMOG,602,Fall 2026,4,In-Person Instruction,Ayesha S Mahmud; Dennis M Feehan; Jenna Nobles; Joshua R Goldstein
DEMOG,C126,Fall 2026,1,In-Person Instruction,Diana Greene Foster
DESINV,15,Fall 2026,1,In-Person Instruction Time Conflict Enrollment Allowed,Emily Au
DESINV,195,Fall 2026,1,In-Person Instruction,Floor van de Velde
DESINV,198,Fall 2026,3,In-Person Instruction Time Conflict Enrollment Allowed,
DESINV,200,Fall 2026,1,In-Person Instruction,Hugh Dubberly; Ling-xiu Zhang
DESINV,202,Fall 2026,4,In-Person Instruction,Christopher Myers; Joris Daniel Komen; Sudhu Tewari; Thomas McLeish
DESINV,21,Fall 2026,1,In-Person Instruction Time Conflict Enrollment Allowed,Yoonnyong Bahk
DESINV,210,Fall 2026,4,In-Person Instruction,Ahmed Riaz; Elizabeth Glenewinkel; Kristian Simsarian; Pia Zaragoza
DESINV,213,Fall 2026,4,In-Person Instruction Time Conflict Enrollment Allowed,Elizabeth Glenewinkel; Kosa Kendall Goucher-Lambert; Kristian Simsarian; Yoonnyong Bahk
DESINV,95,Fall 2026,1,In-Person Instruction,Floor van de Velde
DESINV,98,Fall 2026,4,In-Person Instruction; In-Person Instruction Time Conflict Enrollment Allowed,
DEVENG,203,Fall 2026,1,In-Person Instruction,Mark Campmier; Noam Aberin Anglo
DEVENG,220,Fall 2026,1,In-Person Instruction,Andrea L. Broaddus; Ashdeep Seth
DEVENG,290,Fall 2026,1,In-Person Instruction,Anil Jayanti Aswani
DEVENG,299,Fall 2026,1,In-Person Instruction,Amy Janel Pickering
DEVENG,C200,Fall 2026,1,In-Person Instruction,Amy Janel Pickering; Ashdeep Seth; Joyce Kisiangani
DEVP,209,Fall 2026,2,In-Person Instruction Time Conflict Enrollment Allowed,Dorothy Jane Bridges Kronick; Jack Glaser
DEVP,221,Fall 2026,1,In-Person Instruction,Fredrich Kahrl; Ranjit Bharvirkar
DEVP,222,Fall 2026,2,In-Person Instruction Time Conflict Enrollment Allowed,Adam A Leive; Na'ama Shenhav
DEVP,228A,Fall 2026,1,In-Person Instruction,Omar Romero-Hernandez
DEVP,230,Fall 2026,1,In-Person Instruction,Dorothy Jane Bridges Kronick
DEVP,240,Fall 2026,1,In-Person Instruction,Carlos Alfredo Schmidt Padilla
DEVP,290,Fall 2026,1,In-Person Instruction Time Conflict Enrollment Allowed,Whitney Hischier
DEVP,296,Fall 2026,1,Online,Glenn H Yago
DISSTD,110,Fall 2026,1,In-Person Instruction,Emily A Nusbaum
DUTCH,1,Fall 2026,1,In-Person Instruction,Esmee van der Hoeven
DUTCH,100,Fall 2026,1,In-Person Instruction,Esmee van der Hoeven
DUTCH,110,Fall 2026,1,In-Person Instruction,Esmee van der Hoeven
DUTCH,171AC,Fall 2026,1,In-Person Instruction,Jeroen Dewulf
DUTCH,198,Fall 2026,1,In-Person Instruction,
DUTCH,199,Fall 2026,1,In-Person Instruction,Jeroen Dewulf
DUTCH,24,Fall 2026,1,In-Person Instruction,Jeroen Dewulf
DUTCH,299,Fall 2026,2,In-Person Instruction,Jeroen Dewulf
DUTCH,H196,Fall 2026,1,In-Person Instruction,
EALANG,114,Fall 2026,1,In-Person Instruction,Daniel Cuong O'Neill
EALANG,119,Fall 2026,1,In-Person Instruction,Brian Baumann
EALANG,121,Fall 2026,1,In-Person Instruction,Paula M Varsano
EALANG,161,Fall 2026,1,In-Person Instruction,Kevin Shadel
EALANG,200,Fall 2026,1,In-Person Instruction,Jonathan E Zwicker
EALANG,C120,Fall 2026,1,In-Person Instruction,Sanjyot Mehendale
EALANG,C220,Fall 2026,1,In-Person Instruction,
EALANG,C50,Fall 2026,1,In-Person Instruction,Robert H Sharf
EALANG,R1B,Fall 2026,1,In-Person Instruction,Ran Yan
ECON,1,Fall 2026,1,In-Person Instruction,James D Campbell
ECON,100A,Fall 2026,1,In-Person Instruction,James D Campbell
ECON,100B,Fall 2026,1,In-Person Instruction,Ryan D Edwards
ECON,101A,Fall 2026,1,In-Person Instruction,Giacomo Lanzani
ECON,101B,Fall 2026,1,In-Person Instruction,Jon Steinsson
ECON,109,Fall 2026,1,In-Person Instruction,Nicolas Longuet Marx
ECON,119,Fall 2026,1,In-Person Instruction,Dmitry Taubinsky
ECON,130,Fall 2026,1,In-Person Instruction,Julien M Lafortune
ECON,131,Fall 2026,1,In-Person Instruction,Danny F Yagan
ECON,134,Fall 2026,1,In-Person Instruction,Emi Nakamura
ECON,135,Fall 2026,1,In-Person Instruction,Nathan Goldstein
ECON,136,Fall 2026,1,In-Person Instruction,Stephen W Bianchi
ECON,139,Fall 2026,1,In-Person Instruction,Stephen W Bianchi
ECON,140,Fall 2026,1,In-Person Instruction,Demian Gaston Pouzo
ECON,141,Fall 2026,1,In-Person Instruction,Michael Jansson
ECON,151,Fall 2026,1,In-Person Instruction,Wilbur Townsend
ECON,155,Fall 2026,1,In-Person Instruction,Nilopa Shah
ECON,155A,Fall 2026,1,In-Person Instruction,Patrick Kline
ECON,165,Fall 2026,1,In-Person Instruction,John Nelson-Mondragon
ECON,174,Fall 2026,1,In-Person Instruction,Supreet Kaur
ECON,191,Fall 2026,1,In-Person Instruction,Benjamin R Handel
ECON,197,Fall 2026,1,In-Person Instruction,Cecile Gaubert
ECON,198,Fall 2026,5,In-Person Instruction,Benjamin R Handel; Carolyn Stein; Cecile Gaubert; Junseok Lee; Ryan D Edwards
ECON,2,Fall 2026,1,In-Person Instruction,Ryan D Edwards
ECON,201A,Fall 2026,1,In-Person Instruction,Chris Shannon; Shachar Kariv
ECON,202A,Fall 2026,1,In-Person Instruction,Andreas Schaab; Jon Steinsson
ECON,208,Fall 2026,1,In-Person Instruction,Quitze Valenzuela-Stookey
ECON,211,Fall 2026,1,In-Person Instruction,Chenzi Xu
ECON,216,Fall 2026,1,In-Person Instruction,Frederico S Finan
ECON,218,Fall 2026,1,In-Person Instruction,Stefano DellaVigna
ECON,219A,Fall 2026,1,In-Person Instruction,Dmitry Taubinsky
ECON,220A,Fall 2026,1,In-Person Instruction,Benjamin R Handel; Matthew Ryan Backus
ECON,221,Fall 2026,1,In-Person Instruction,Benjamin R Handel; Jonathan Kolstad; Matthew Ryan Backus
ECON,230A,Fall 2026,1,In-Person Instruction,Emmanuel Saez; Joseph S Shapiro
ECON,231,Fall 2026,1,In-Person Instruction,Danny F Yagan
ECON,235,Fall 2026,1,In-Person Instruction,Ulrike Malmendier
ECON,236A,Fall 2026,1,In-Person Instruction,Emi Nakamura
ECON,237,Fall 2026,1,In-Person Instruction,Chen Lian
ECON,240A,Fall 2026,1,In-Person Instruction,Bryan S Graham; Michael Jansson
ECON,242,Fall 2026,1,In-Person Instruction,Demian Gaston Pouzo
ECON,244,Fall 2026,1,In-Person Instruction,Patrick Kline; Wilbur Townsend
ECON,250B,Fall 2026,1,In-Person Instruction,Garima Sharma; Jesse Rothstein
ECON,251,Fall 2026,1,In-Person Instruction,Garima Sharma
ECON,270E,Fall 2026,1,In-Person Instruction,Nina Buchmann
ECON,271,Fall 2026,1,In-Person Instruction,Edward Miguel
ECON,280A,Fall 2026,1,In-Person Instruction,Andres Rodriguez-clare; Benjamin Faber
ECON,281,Fall 2026,1,In-Person Instruction,Andres Rodriguez-clare
ECON,291,Fall 2026,1,In-Person Instruction,Enrico Moretti
ECON,295,Fall 2026,1,In-Person Instruction,Stefano DellaVigna
ECON,298,Fall 2026,5,In-Person Instruction,Alan J Auerbach
ECON,299,Fall 2026,57,In-Person Instruction,Aaron S Edlin; Alan J Auerbach; Andres Rodriguez-clare; Barry J Eichengreen; Benjamin E Hermalin; Benjamin Faber
ECON,301,Fall 2026,1,In-Person Instruction,James D Campbell
ECON,375,Fall 2026,1,In-Person Instruction,James D Campbell
ECON,602,Fall 2026,39,In-Person Instruction,Andres Rodriguez-clare; Barry J Eichengreen; Benjamin Faber; Benjamin R Handel; Benjamin Schoefer; Carolyn Stein
ECON,C110,Fall 2026,1,In-Person Instruction,Shachar Kariv
ECON,C125,Fall 2026,1,In-Person Instruction,Tamma Carleton
ECON,C171,Fall 2026,1,In-Person Instruction,Marco Gonzalez-Navarro
ECON,C181,Fall 2026,1,In-Person Instruction,Edwin Lai
ECON,C215A,Fall 2026,1,In-Person Instruction,Frederico S Finan
ECON,C270A,Fall 2026,1,In-Person Instruction,Jeremy R Magruder; Marco Gonzalez-Navarro
ECON,C3,Fall 2026,1,In-Person Instruction,Steven Sexton
EDSTEM,131AC,Fall 2026,1,In-Person Instruction,Morgan Mitchell
EDSTEM,187,Fall 2026,1,In-Person Instruction,Mark A Spencer
EDSTEM,197,Fall 2026,1,Online,Elisa M Stone
EDSTEM,303,Fall 2026,1,In-Person Instruction,Morgan Mitchell
EDSTEM,304,Fall 2026,1,In-Person Instruction,Elisa M Stone
EDSTEM,82,Fall 2026,2,In-Person Instruction,Marlo Warburton; Sagit Betser
EDSTEM,82T,Fall 2026,1,In-Person Instruction,Dylan Bland
EDSTEM,98,Fall 2026,1,In-Person Instruction,Elisa M Stone
EDSTEM,C122,Fall 2026,1,In-Person Instruction,Alexandra Marie Collard; Sagit Betser
EDUC,114A,Fall 2026,1,In-Person Instruction,Dana Alexandra Miller-Cotto
EDUC,130,Fall 2026,1,In-Person Instruction,Elizabeth Gerard; Ter Booth
EDUC,140A,Fall 2026,1,Online Time Conflict Enrollment Allowed,Carolyn Ann Schweitzer; Kristin Keane
EDUC,140AC,Fall 2026,2,In-Person Instruction,Carolyn Ann Schweitzer; Kristin Keane; Wilfredo Ortiz
EDUC,144,Fall 2026,5,Online; Online Time Conflict Enrollment Allowed,Brendan Henrique; Erin Murphy-Graham; Gardenia Campos; Jenae Cohn; Nicole Ashley Cedillo; Tayler Sally Perez
EDUC,155AC,Fall 2026,1,In-Person Instruction,Kourtney Christen Kawano
EDUC,163,Fall 2026,1,In-Person Instruction,Tolani Britton
EDUC,188,Fall 2026,2,In-Person Instruction,Gina Ann Garcia
EDUC,190A,Fall 2026,1,Online Time Conflict Enrollment Allowed,Christyna Maria Serrano; Yuhan Yang
EDUC,198,Fall 2026,2,In-Person Instruction Time Conflict Enrollment Allowed,Derek M Van Rheenen; James Van; Ryan Rodriguez
EDUC,207B,Fall 2026,1,In-Person Instruction,Alejandra Ojeda-Beck
EDUC,207L,Fall 2026,1,In-Person Instruction,Alejandra Ojeda-Beck
EDUC,209,Fall 2026,1,In-Person Instruction Time Conflict Enrollment Allowed,Michelle H Wilkerson
EDUC,210,Fall 2026,1,In-Person Instruction,Mercedes Zapata
EDUC,213C,Fall 2026,1,In-Person Instruction,Maggie Chan
EDUC,217,Fall 2026,1,In-Person Instruction,Ozge Hacifazlioglu
EDUC,222C,Fall 2026,1,In-Person Instruction,Dor Abrahamson
EDUC,223B,Fall 2026,5,In-Person Instruction; In-Person Instruction Time Conflict Enrollment Allowed,Dor Abrahamson; Marcia C Linn; Michelle H Wilkerson; Tesha Sengupta-Irving
EDUC,24,Fall 2026,1,In-Person Instruction,Eos Trinidad
EDUC,240A,Fall 2026,1,In-Person Instruction,Patricia Baquedano Lopez
EDUC,243,Fall 2026,1,In-Person Instruction,Kris D Gutierrez
EDUC,244,Fall 2026,1,Online Time Conflict Enrollment Allowed,Zachary A Pardos
EDUC,254,Fall 2026,1,In-Person Instruction,Kris D Gutierrez
EDUC,257,Fall 2026,1,In-Person Instruction,Derek M Van Rheenen
EDUC,261A,Fall 2026,1,In-Person Instruction Time Conflict Enrollment Allowed,Eos Trinidad
EDUC,265D,Fall 2026,1,In-Person Instruction,Jennifer Ann Delaney
EDUC,268,Fall 2026,2,In-Person Instruction,Derek M Van Rheenen; Tolani Britton
EDUC,270B,Fall 2026,1,In-Person Instruction,Mark Wilson
EDUC,271B,Fall 2026,1,In-Person Instruction,Patricia Baquedano Lopez
EDUC,272B,Fall 2026,1,In-Person Instruction,Pam VandeKamp
EDUC,274A,Fall 2026,1,In-Person Instruction,Mark Wilson; Shantay Lorena Alvarez
EDUC,274C,Fall 2026,1,In-Person Instruction,Mark Wilson
EDUC,275G,Fall 2026,1,In-Person Instruction,Sophia Rabe-Hesketh
EDUC,275H,Fall 2026,1,In-Person Instruction,Sophia Rabe-Hesketh
EDUC,276A,Fall 2026,1,In-Person Instruction,Linda T Morell
EDUC,278C,Fall 2026,1,In-Person Instruction,Ozge Hacifazlioglu
EDUC,280A,Fall 2026,1,In-Person Instruction,Zeus Leonardo
EDUC,281,Fall 2026,1,In-Person Instruction,Zeus Leonardo
EDUC,290A,Fall 2026,3,In-Person Instruction; In-Person Instruction Time Conflict Enrollment Allowed,Jennifer Ann Delaney; Tina Trujillo; Zachary A Pardos
EDUC,293A,Fall 2026,1,In-Person Instruction,Karen Draney
EDUC,293L,Fall 2026,2,In-Person Instruction,Karen Draney
EDUC,296A,Fall 2026,1,In-Person Instruction,Lihi Rosenthal
EDUC,298C,Fall 2026,3,In-Person Instruction,Anne E Cunningham Carson; Maggie Chan; Tina Trujillo
EDUC,298E,Fall 2026,1,In-Person Instruction,Ozge Hacifazlioglu
EDUC,299,Fall 2026,33,In-Person Instruction,Alan H Schoenfeld; Anne E Cunningham Carson; Bruce Carl Fuller; Cati de los Rios; Chunyan Yang; Daniel H Perlstein
EDUC,313C,Fall 2026,1,In-Person Instruction,Mercedes Zapata
EDUC,313E,Fall 2026,1,In-Person Instruction,Maggie Chan
EDUC,313F,Fall 2026,1,In-Person Instruction,Alejandra Ojeda-Beck
EDUC,313H,Fall 2026,1,In-Person Instruction,Mercedes Zapata
EDUC,375,Fall 2026,1,In-Person Instruction,Tesha Sengupta-Irving
EDUC,40AC,Fall 2026,1,In-Person Instruction,Eos Trinidad
EDUC,413A,Fall 2026,1,In-Person Instruction,Alejandra Ojeda-Beck
EDUC,413L,Fall 2026,2,In-Person Instruction,Mercedes Zapata
EDUC,470A,Fall 2026,1,In-Person Instruction,Ozge Hacifazlioglu
EDUC,C122,Fall 2026,1,In-Person Instruction,Alexandra Marie Collard; Sagit Betser
EDUC,C142,Fall 2026,1,Online,Erin Murphy-Graham
EDUC,C181,Fall 2026,1,In-Person Instruction,Travis Bristol
EDUC,W164,Fall 2026,1,Online Time Conflict Enrollment Allowed,Dana Alexandra Miller-Cotto
EECS,116,Fall 2026,1,In-Person Instruction,Giuseppe Loianno
EECS,126,Fall 2026,1,In-Person Instruction,Venkatachalam Anantharam
EECS,127,Fall 2026,1,In-Person Instruction,Somayeh Sojoudi
EECS,144,Fall 2026,1,In-Person Instruction,Pierluigi Nuzzo
EECS,149,Fall 2026,1,In-Person Instruction,Prabal Dutta; Sanjit A Seshia
EECS,151,Fall 2026,1,In-Person Instruction,Borivoje Nikolic; Sagar Karandikar
EECS,151LA,Fall 2026,3,In-Person Instruction,Borivoje Nikolic; Sagar Karandikar
EECS,151LB,Fall 2026,2,In-Person Instruction,Borivoje Nikolic; Sagar Karandikar
EECS,183,Fall 2026,1,In-Person Instruction,Alane Suhr; Gopala Krishna Anumanchipalli
EECS,216,Fall 2026,1,In-Person Instruction,Giuseppe Loianno
EECS,227AT,Fall 2026,1,In-Person Instruction,Somayeh Sojoudi
EECS,244,Fall 2026,1,In-Person Instruction,Pierluigi Nuzzo
EECS,251A,Fall 2026,1,In-Person Instruction,Borivoje Nikolic; Sagar Karandikar
EECS,251LA,Fall 2026,3,In-Person Instruction,Borivoje Nikolic; Sagar Karandikar
EECS,251LB,Fall 2026,2,In-Person Instruction,Borivoje Nikolic; Sagar Karandikar
EECS,283A,Fall 2026,1,In-Person Instruction,Alane Suhr; Gopala Krishna Anumanchipalli
EECS,C106A,Fall 2026,1,In-Person Instruction,Jean-Paul Tennant; Roberto Horowitz
EECS,C128,Fall 2026,1,In-Person Instruction,Claire Jennifer Tomlin; Murat Arcak
EECS,C191A,Fall 2026,1,In-Person Instruction,K Birgitta Whaley; Umesh V Vazirani
EECS,C206A,Fall 2026,1,In-Person Instruction,Jean-Paul Tennant; Roberto Horowitz
EGYPT,100A,Fall 2026,1,In-Person Instruction,Barbara Richter
EGYPT,203,Fall 2026,1,In-Person Instruction,Rita Lucarelli
ELENG,105,Fall 2026,1,In-Person Instruction Time Conflict Enrollment Allowed,Zaijun Chen
ELENG,113,Fall 2026,1,In-Person Instruction,Jessica Boles
ELENG,117B,Fall 2026,3,In-Person Instruction,Aditya Varma Muppala
ELENG,118,Fall 2026,1,In-Person Instruction,YoungJu Jo
ELENG,120,Fall 2026,1,In-Person Instruction,Babak Ayazifar
ELENG,121,Fall 2026,1,In-Person Instruction,Miki Lustig
ELENG,130,Fall 2026,1,In-Person Instruction,Yuan Cao
ELENG,140,Fall 2026,1,In-Person Instruction,Ali M Niknejad
ELENG,143,Fall 2026,1,In-Person Instruction,Grigory Tikhomirov
ELENG,147,Fall 2026,1,In-Person Instruction,Kristofer S J Pister
ELENG,156,Fall 2026,1,In-Person Instruction,Jean-Paul Tennant
ELENG,194,Fall 2026,3,In-Person Instruction,Anant Sahai; Jiantao Jiao; Kristofer S J Pister; Preeya Khanna; Sophia Shao
ELENG,198,Fall 2026,6,In-Person Instruction; In-Person Instruction Time Conflict Enrollment Allowed,Aidan Michael Rickert; Alex Antonio Nava; Amy Wang; Jim Fang; Loren Hung; Olivia Phongsa
ELENG,213A,Fall 2026,1,In-Person Instruction,Jessica Boles
ELENG,217B,Fall 2026,3,In-Person Instruction,Aditya Varma Muppala
ELENG,218A,Fall 2026,1,In-Person Instruction,YoungJu Jo
ELENG,221A,Fall 2026,1,In-Person Instruction,Claire Jennifer Tomlin; Murat Arcak
ELENG,224A,Fall 2026,1,In-Person Instruction,Miki Lustig
ELENG,226A,Fall 2026,1,In-Person Instruction,Thomas A Courtade
ELENG,230A,Fall 2026,1,In-Person Instruction,Yuan Cao
ELENG,236A,Fall 2026,1,In-Person Instruction,Mengjie Yu
ELENG,240A,Fall 2026,1,In-Person Instruction,Ali M Niknejad
ELENG,240C,Fall 2026,1,In-Person Instruction,Johan Vanderhaegen
ELENG,247A,Fall 2026,1,In-Person Instruction,Kristofer S J Pister
ELENG,290,Fall 2026,8,In-Person Instruction,Alexandre Bayen; Ali Javey; Anant Sahai; Chunlei Liu; Jaijeet Shankar Roychowdhury; Jiantao Jiao
ELENG,375,Fall 2026,1,In-Person Instruction,Babak Ayazifar
ELENG,39,Fall 2026,1,In-Person Instruction Time Conflict Enrollment Allowed,Miki Lustig
ELENG,64,Fall 2026,1,In-Person Instruction,Kater Murch; Rikky Muller
ELENG,66,Fall 2026,1,In-Person Instruction,Babak Ayazifar
ELENG,98,Fall 2026,1,In-Person Instruction,Brendan Bernard Kariithi; Yoel Amanuel Nrayo
ELENG,C145B,Fall 2026,1,In-Person Instruction Time Conflict Enrollment Allowed,Steven Conolly
ELENG,C220A,Fall 2026,1,In-Person Instruction Time Conflict Enrollment Allowed,Masayoshi Tomizuka
ELENG,C220B,Fall 2026,1,In-Person Instruction Time Conflict Enrollment Allowed,Francesco Borrelli
ELENG,C249A,Fall 2026,1,In-Person Instruction,Prabal Dutta; Sanjit A Seshia
ELENG,C261,Fall 2026,1,In-Person Instruction Time Conflict Enrollment Allowed,Steven Conolly
ENERES,198,Fall 2026,1,In-Person Instruction,Duncan Callaway
ENERES,276,Fall 2026,1,In-Person Instruction Time Conflict Enrollment Allowed,David Anthoff
ENERES,290,Fall 2026,1,In-Person Instruction Time Conflict Enrollment Allowed,Lara Marie Kueppers
ENERES,293A,Fall 2026,1,In-Person Instruction,Lara Marie Kueppers
ENERES,293C,Fall 2026,1,In-Person Instruction,David Anthoff
ENERES,295,Fall 2026,2,In-Person Instruction; In-Person Instruction Time Conflict Enrollment Allowed,Paige E Weber
ENERES,296,Fall 2026,1,In-Person Instruction Time Conflict Enrollment Allowed,David Anthoff
ENERES,298,Fall 2026,6,In-Person Instruction; In-Person Instruction Time Conflict Enrollment Allowed,Andrew D Jones; Catherine P Koshland; David Anthoff; Duncan Callaway; Lara Marie Kueppers; Paige E Weber
ENERES,299,Fall 2026,8,In-Person Instruction,Andrew D Jones; David Anthoff; Duncan Callaway; Isha Ray; Lara Marie Kueppers; Margaret S Torn
ENERES,C100,Fall 2026,1,In-Person Instruction,Duncan Callaway
ENERES,C176,Fall 2026,1,In-Person Instruction,David Anthoff
ENERES,C200,Fall 2026,1,In-Person Instruction Time Conflict Enrollment Allowed,Duncan Callaway
ENERES,C223,Fall 2026,1,In-Person Instruction,Youjin Chung
ENGIN,125,Fall 2026,1,In-Person Instruction,Raluca Scarlat
ENGIN,178,Fall 2026,1,In-Person Instruction,Gabriel Gomes
ENGIN,183,Fall 2026,6,In-Person Instruction,Laura Teclemariam; Lukasz Kowalski; Minh Tsai; Ricardo San Martin; Sepehr Khosravi; Syed Hoda
ENGIN,183A,Fall 2026,1,In-Person Instruction,Victoria Howell
ENGIN,183B,Fall 2026,1,In-Person Instruction,Gigi Wang
ENGIN,183C,Fall 2026,3,In-Person Instruction,Gert Christen; Nathan Sedlander; Rana Kanaan
ENGIN,183D,Fall 2026,1,In-Person Instruction,Jim Morris
ENGIN,183E,Fall 2026,1,In-Person Instruction,Naeem Zafar
ENGIN,183G,Fall 2026,1,In-Person Instruction,Mark Searle
ENGIN,188,Fall 2026,1,In-Person Instruction,David Haddad
ENGIN,189,Fall 2026,1,In-Person Instruction,Brittany H Young
ENGIN,194,Fall 2026,5,In-Person Instruction,Ana Arias; Jessica Boles; Massimiliano Fratoni; Scott J Moura; Thomas Schutzius
ENGIN,198,Fall 2026,7,In-Person Instruction; In-Person Instruction Time Conflict Enrollment Allowed,Andrew Harrison Lieberman; Ayushi Deokule; Gerver O Hernandez Lopez; Kaden Ma; Lukasz Kowalski; Mark Searle
ENGIN,202A,Fall 2026,1,Web-Based Instruction,Kosa Kendall Goucher-Lambert
ENGIN,210B,Fall 2026,1,Online,Scott J Moura
ENGIN,222,Fall 2026,1,Online,Moriel Vandsburger
ENGIN,231,Fall 2026,1,In-Person Instruction,Kameshwar Poolla
ENGIN,235A,Fall 2026,1,Online,Gabriel Gomes
ENGIN,236B,Fall 2026,1,Online,Joshua A Hug
ENGIN,24,Fall 2026,1,In-Person Instruction Time Conflict Enrollment Allowed,Brian A Barsky
ENGIN,241A,Fall 2026,1,Online,Peter Hosemann
ENGIN,26,Fall 2026,1,Online,Kourosh Ken Youssefi
ENGIN,264,Fall 2026,1,Web-Based Instruction,Sanjay Govindjee
ENGIN,273,Fall 2026,1,In-Person Instruction,Bowman Heiden; Matthew Rappaport
ENGIN,281,Fall 2026,1,Online,Zakaria Y Al Balushi
ENGIN,283,Fall 2026,6,In-Person Instruction,Laura Teclemariam; Lukasz Kowalski; Minh Tsai; Ricardo San Martin; Sepehr Khosravi; Syed Hoda
ENGIN,283A,Fall 2026,1,In-Person Instruction,Victoria Howell
ENGIN,283G,Fall 2026,1,In-Person Instruction,Mark Searle
ENGIN,29,Fall 2026,1,In-Person Instruction,Sara McMains
ENGIN,296MS,Fall 2026,1,Online,Peter Hosemann
ENGIN,298,Fall 2026,1,Online,Nima Shomali
ENGIN,40,Fall 2026,1,In-Person Instruction,Kristin A Persson
ENGIN,7,Fall 2026,1,In-Person Instruction,Mohamad Mahdi Hallal
ENGIN,92,Fall 2026,1,In-Person Instruction,Junqiao Wu
ENGIN,93,Fall 2026,1,In-Person Instruction,Daniel Arnold; Scott J Moura
ENGIN,98,Fall 2026,3,In-Person Instruction,Mohamad Mahdi Hallal
ENGLISH,100,Fall 2026,10,In-Person Instruction,David Landreth; David Marno; Donna V Jones; JAMES GRANTHAM TURNER; Jasper Q Bernes; Kathleen Donegan
ENGLISH,104,Fall 2026,1,In-Person Instruction,Shu-han Luo
ENGLISH,110,Fall 2026,1,In-Person Instruction,Jennifer Miller
ENGLISH,112,Fall 2026,1,In-Person Instruction,Jennifer Miller
ENGLISH,115B,Fall 2026,1,In-Person Instruction,David Marno
ENGLISH,117S,Fall 2026,1,In-Person Instruction,Oliver Maxwell Arnold
ENGLISH,125A,Fall 2026,1,In-Person Instruction,Janet Linda Sorensen
ENGLISH,125C,Fall 2026,1,In-Person Instruction,Lyubov Golburt
ENGLISH,125D,Fall 2026,1,In-Person Instruction,Farah Bakaari
ENGLISH,131,Fall 2026,1,In-Person Instruction,Geoffrey O'Brien
ENGLISH,141,Fall 2026,1,In-Person Instruction,Melanie Abrams
ENGLISH,143A,Fall 2026,4,In-Person Instruction,Amy Rowland; Melanie Abrams; Vikram Chandra
ENGLISH,143B,Fall 2026,1,In-Person Instruction,Geoffrey O'Brien
ENGLISH,143C,Fall 2026,1,In-Person Instruction,Fiona McFarlane
ENGLISH,143N,Fall 2026,1,In-Person Instruction,Amy Rowland
ENGLISH,145,Fall 2026,1,In-Person Instruction,Katherine V Snyder
ENGLISH,166,Fall 2026,2,In-Person Instruction,Donna V Jones; Eric Naiman
ENGLISH,166AC,Fall 2026,1,In-Person Instruction,Kathleen Donegan
ENGLISH,174,Fall 2026,2,In-Person Instruction,Mark Danner; Scott Andrew Saul
ENGLISH,176,Fall 2026,1,In-Person Instruction,Grace Lavery
ENGLISH,180E,Fall 2026,1,In-Person Instruction,Maura Bridget Nolan
ENGLISH,190,Fall 2026,7,In-Person Instruction,Anne-Lise Francois; Bryan Wagner; Farah Bakaari; Jasper Q Bernes; Nadia D Ellis; Scott Andrew Saul
ENGLISH,198,Fall 2026,9,In-Person Instruction,Audrey Quinn OSullivan; Lyric Octavia Hearne-Hooker; Shelby Rebecca Chung
ENGLISH,198BC,Fall 2026,4,In-Person Instruction,Oliver Maxwell Arnold
ENGLISH,199,Fall 2026,4,In-Person Instruction,Bryan Wagner; Mark A Goble; Maura Bridget Nolan
ENGLISH,200,Fall 2026,1,In-Person Instruction,David Marno
ENGLISH,201A,Fall 2026,1,In-Person Instruction,Kristin Hanson
ENGLISH,203,Fall 2026,2,In-Person Instruction,Joshua Gang; Kent Puckett
ENGLISH,218,Fall 2026,1,In-Person Instruction,JAMES GRANTHAM TURNER
ENGLISH,24,Fall 2026,2,In-Person Instruction,Bryan Wagner; Joshua A Hug; Kara Elizabeth Wittman; Line Hove Leander Mikkelsen
ENGLISH,243B,Fall 2026,1,In-Person Instruction,Solmaz Sharif
ENGLISH,250,Fall 2026,2,In-Person Instruction,Ian Duncan; John Alba Cutler
ENGLISH,299,Fall 2026,29,In-Person Instruction,Amanda J Goldstein; Andrew Way Leong; C D Blanton; Catherine Flynn; Colleen Lye; David Marno
ENGLISH,375,Fall 2026,1,In-Person Instruction,Kara Elizabeth Wittman
ENGLISH,45A,Fall 2026,1,In-Person Instruction,Maura Bridget Nolan
ENGLISH,45B,Fall 2026,1,In-Person Instruction,Elisa C Tamarkin
ENGLISH,45C,Fall 2026,1,In-Person Instruction,Mark A Goble
ENGLISH,90,Fall 2026,9,In-Person Instruction,Andrew Way Leong; Cathy Hong; Dora Zhang; Fiona McFarlane; Kara Elizabeth Wittman; Katherine V Snyder
ENGLISH,98,Fall 2026,2,In-Person Instruction,Anayaa Jogani
ENGLISH,98BC,Fall 2026,2,In-Person Instruction,Oliver Maxwell Arnold
ENGLISH,99,Fall 2026,1,In-Person Instruction,
ENGLISH,H195A,Fall 2026,2,In-Person Instruction,Andrew Way Leong; Mark A Goble
ENGLISH,R17,Fall 2026,1,In-Person Instruction,David Landreth
ENGLISH,R1A,Fall 2026,15,In-Person Instruction,Ally Zlaket; Austin L Williams; Erika Rose Higbee; Garreth Liam O'Brien; Jared Gardner Brunner; Katherine Franco
ENGLISH,R1B,Fall 2026,12,In-Person Instruction,Autumn Gable; Balthazar I Beckett; Jesse Nathan; Leonardo Karl Johansson-Lebron; Magdalena Ostas; Marian Philips Homans-Turnbull
ENVDES,1,Fall 2026,1,In-Person Instruction,Cecilia Loretta Egidi; Evan Luis Diaz; Isabella Serrano Lasmarias; Krystel Cortez Jacinto; Thomas R Chastain
ENVDES,102,Fall 2026,1,In-Person Instruction,Stephen John Collier
ENVDES,11,Fall 2026,1,In-Person Instruction,Diego Romero Evans; Nader Afzalan
ENVDES,202,Fall 2026,1,In-Person Instruction,Dan M Muntean; Dewi Bleher
ENVDES,252,Fall 2026,1,In-Person Instruction,Scott Elder
ENVDES,290,Fall 2026,1,In-Person Instruction,Matthew Lasner
ENVECON,100,Fall 2026,1,In-Person Instruction,Francis Annan
ENVECON,150,Fall 2026,1,In-Person Instruction,
ENVECON,185,Fall 2026,1,In-Person Instruction,Daniel Lewis Gordon
ENVECON,C1,Fall 2026,1,Online,Steven Sexton
ENVECON,C101,Fall 2026,1,In-Person Instruction,Tamma Carleton
ENVECON,C118,Fall 2026,1,In-Person Instruction,Jeremy R Magruder
ENVECON,C151,Fall 2026,1,In-Person Instruction,Marco Gonzalez-Navarro
ENVECON,C176,Fall 2026,1,In-Person Instruction,David Anthoff
ENVECON,C181,Fall 2026,1,In-Person Instruction,Edwin Lai
ENVECON,H196,Fall 2026,1,In-Person Instruction,Maximilian Auffhammer
EPS,100A,Fall 2026,1,In-Person Instruction,Jill F Banfield
EPS,101,Fall 2026,1,In-Person Instruction,
EPS,102,Fall 2026,1,In-Person Instruction,Daniel A Stolper
EPS,104,Fall 2026,1,In-Person Instruction,Matthew Gleeson
EPS,109,Fall 2026,1,In-Person Instruction,Burkhard Militzer
EPS,116,Fall 2026,1,In-Person Instruction,Roland Burgmann
EPS,117,Fall 2026,1,In-Person Instruction,Madison M Douglas
EPS,126,Fall 2026,1,In-Person Instruction,Benjamin Gilbert
EPS,131,Fall 2026,1,In-Person Instruction,David L Shuster
EPS,150,Fall 2026,1,In-Person Instruction,Raymond Jeanloz
EPS,177,Fall 2026,1,In-Person Instruction,
EPS,207,Fall 2026,1,In-Person Instruction,Weiqiang Zhu
EPS,215,Fall 2026,1,In-Person Instruction,Madison M Douglas
EPS,254,Fall 2026,1,In-Person Instruction,Weiqiang Zhu; Wenbo Wu
EPS,255,Fall 2026,1,In-Person Instruction Time Conflict Enrollment Allowed,Daniel A Stolper
EPS,256,Fall 2026,1,In-Person Instruction,Weiqiang Zhu; Wenbo Wu
EPS,260,Fall 2026,1,In-Person Instruction,Wenbo Wu
EPS,271,Fall 2026,1,In-Person Instruction,
EPS,280,Fall 2026,33,In-Person Instruction,Barbara A Romanowicz; Benjamin Gilbert; Bethanie R Edwards; Bruce Buffett; Burkhard Militzer; Daniel A Stolper
EPS,290,Fall 2026,24,In-Person Instruction; In-Person Instruction Time Conflict Enrollment Allowed,Barbara A Romanowicz; Benjamin Gilbert; Bethanie R Edwards; Burkhard Militzer; Daniel A Stolper; David L Shuster
EPS,50,Fall 2026,1,In-Person Instruction,Matthew Gleeson; Michael Manga
EPS,7,Fall 2026,1,Online,David M Romps
EPS,80,Fall 2026,1,In-Person Instruction,Matthew Gleeson; Penny Elaine Wieser
EPS,82,Fall 2026,1,In-Person Instruction,Bethanie R Edwards; Wenbo Wu
EPS,88,Fall 2026,1,In-Person Instruction,Weiqiang Zhu
EPS,C181,Fall 2026,1,In-Person Instruction,David M Romps
EPS,C20,Fall 2026,2,In-Person Instruction Time Conflict Enrollment Allowed; Online Time Conflict Enrollment Allowed,Noha Farghal
EPS,C292,Fall 2026,1,In-Person Instruction,Burkhard Militzer
ESPM,100,Fall 2026,1,In-Person Instruction,Kurt Spreyer
ESPM,101A,Fall 2026,1,In-Person Instruction,Alastair T Iles
ESPM,108A,Fall 2026,1,In-Person Instruction,Rainbow Desilva
ESPM,116B,Fall 2026,1,In-Person Instruction,Lau A. Gherardi
ESPM,118,Fall 2026,1,In-Person Instruction,Timothy M Bowles
ESPM,132,Fall 2026,1,In-Person Instruction,Rosemary G Gillespie
ESPM,136,Fall 2026,1,In-Person Instruction,Dara James ORourke
ESPM,137,Fall 2026,1,In-Person Instruction,Rainbow Desilva
ESPM,142,Fall 2026,1,In-Person Instruction,Neil Tsutsui
ESPM,147,Fall 2026,1,In-Person Instruction,Kipling W Will
ESPM,15,Fall 2026,1,In-Person Instruction,Allen Goldstein; Patina K Mendez
ESPM,154,Fall 2026,1,In-Person Instruction,Ian Wang
ESPM,157,Fall 2026,1,In-Person Instruction,Carl Boettiger
ESPM,175A,Fall 2026,1,In-Person Instruction,Patina K Mendez
ESPM,175L,Fall 2026,1,In-Person Instruction,Patina K Mendez
ESPM,182,Fall 2026,1,Online,Robert A York
ESPM,185,Fall 2026,1,In-Person Instruction,Miranda Devi Redmond
ESPM,194A,Fall 2026,1,In-Person Instruction,Peter S Nico
ESPM,198,Fall 2026,4,In-Person Instruction; In-Person Instruction Time Conflict Enrollment Allowed,Alastair T Iles; Iryna Dronova; Kurt Spreyer
ESPM,198BC,Fall 2026,1,In-Person Instruction,Lau A. Gherardi
ESPM,2,Fall 2026,1,In-Person Instruction,Ronald G Amundson
ESPM,201C,Fall 2026,1,In-Person Instruction,John J Battles
ESPM,211A,Fall 2026,1,In-Person Instruction,Rachel R Carlson
ESPM,215,Fall 2026,1,In-Person Instruction,Perry de Valpine
ESPM,217,Fall 2026,1,In-Person Instruction,Jonas Meckling
ESPM,231,Fall 2026,1,In-Person Instruction,Alejandra Echeverri Ochoa
ESPM,244,Fall 2026,1,In-Person Instruction,Ian Wang
ESPM,262A,Fall 2026,1,In-Person Instruction,Sunaura C Taylor
ESPM,290,Fall 2026,6,In-Person Instruction,Alastair T Iles; Arthur D Middleton; Claudia J Carr; Justin Luong; Kristin Babson Dobbin; Stephanie Carlson
ESPM,299,Fall 2026,65,In-Person Instruction,Adina Merenlender; Adrienne Correa; Alastair T Iles; Albert Ruhi; Alejandra Echeverri Ochoa; Allen Goldstein
ESPM,42,Fall 2026,1,In-Person Instruction,Kipling W Will
ESPM,50AC,Fall 2026,1,In-Person Instruction,Kurt Spreyer
ESPM,90,Fall 2026,1,In-Person Instruction,Celine E Pallud
ESPM,98,Fall 2026,4,In-Person Instruction,Alastair T Iles; Rainbow Desilva
ESPM,98BC,Fall 2026,1,In-Person Instruction,Lau A. Gherardi
ESPM,C103,Fall 2026,1,In-Person Instruction,Alejandra Echeverri Ochoa
ESPM,C105,Fall 2026,1,In-Person Instruction,Rosemary G Gillespie
ESPM,C107,Fall 2026,1,In-Person Instruction,Albert Ruhi; Christopher Herbert Martin; Jonathon H Stillman; Rachel R Carlson
ESPM,C110A,Fall 2026,1,Online,Iryna Dronova; Madeleine Page; Zoe Simone Curcio
ESPM,C125,Fall 2026,1,In-Person Instruction,Jeff Chambers; Rosemary G Gillespie
ESPM,C126,Fall 2026,1,In-Person Instruction,Damian O Elias; Eileen Lacey; George E Bentley
ESPM,C204,Fall 2026,1,In-Person Instruction,Damian O Elias; Eileen Lacey
ESPM,C218,Fall 2026,1,In-Person Instruction,Iryna Dronova
ESPM,C223,Fall 2026,1,In-Person Instruction,Youjin Chung
ETHSTD,101B,Fall 2026,1,In-Person Instruction,Gregory P Choy
ETHSTD,11AC,Fall 2026,1,In-Person Instruction,Keith P Feldman
ETHSTD,12,Fall 2026,2,In-Person Instruction,Catherine Ceniza Choy; Ida Yalzadeh
ETHSTD,150,Fall 2026,1,In-Person Instruction,Gregory P Choy
ETHSTD,175,Fall 2026,1,In-Person Instruction,Gregory P Choy
ETHSTD,180,Fall 2026,1,In-Person Instruction,John J Dougherty
ETHSTD,190AC,Fall 2026,1,In-Person Instruction,Victoria Ellen Robinson
ETHSTD,198,Fall 2026,1,In-Person Instruction,Luis Armando Hernandez Jr.
ETHSTD,198BC,Fall 2026,1,In-Person Instruction,Vernadette Vicuna Gonzalez
ETHSTD,202,Fall 2026,1,In-Person Instruction,Shari M Huhndorf
ETHSTD,250,Fall 2026,2,In-Person Instruction,Brandi Bushman; Keith P Feldman
ETHSTD,302,Fall 2026,1,In-Person Instruction,Vernadette Vicuna Gonzalez
ETHSTD,98BC,Fall 2026,1,In-Person Instruction,Vernadette Vicuna Gonzalez
EUST,200,Fall 2026,1,In-Person Instruction,
EUST,201,Fall 2026,1,In-Person Instruction,
FILIPN,100A,Fall 2026,2,In-Person Instruction; Online,Karen Llagas; Maria Barrios-Leblanc
FILIPN,101A,Fall 2026,1,In-Person Instruction,Karen Llagas
FILIPN,1A,Fall 2026,3,In-Person Instruction,Cynthia Agnes C Aban
FILIPN,1X,Fall 2026,1,Online,Karen Llagas
FILIPN,1Y,Fall 2026,1,Online,Maria Barrios-Leblanc
FILIPN,299,Fall 2026,1,In-Person Instruction,
FILM,10,Fall 2026,1,In-Person Instruction,Jaimie Rachel Baron
FILM,125,Fall 2026,1,In-Person Instruction,Luis Madrigal
FILM,135,Fall 2026,1,In-Person Instruction,Mark Allen Minch-de Leon
FILM,145,Fall 2026,3,In-Person Instruction,Deniz Gokturk; Iggy Cortez; Joseph Coppola
FILM,155,Fall 2026,1,In-Person Instruction,Jacob Gaboury
FILM,170,Fall 2026,1,In-Person Instruction,Joseph Coppola
FILM,171,Fall 2026,1,In-Person Instruction,Katerina Korola
FILM,172,Fall 2026,1,In-Person Instruction,Matthew Hubbell
FILM,180,Fall 2026,1,In-Person Instruction,J Mira Kopell
FILM,182,Fall 2026,1,In-Person Instruction,J Mira Kopell
FILM,183,Fall 2026,1,In-Person Instruction,Jeremy Mores McWreath
FILM,185,Fall 2026,2,In-Person Instruction,J Mira Kopell; Tijana Petrovic
FILM,188,Fall 2026,1,In-Person Instruction,Tijana Petrovic
FILM,190,Fall 2026,1,In-Person Instruction,Katerina Korola
FILM,193,Fall 2026,1,In-Person Instruction,Luis Madrigal
FILM,20,Fall 2026,1,In-Person Instruction,Weihong Bao
FILM,200,Fall 2026,1,In-Person Instruction,Iggy Cortez
FILM,203,Fall 2026,1,In-Person Instruction,Kristen Whissel
FILM,240,Fall 2026,2,In-Person Instruction,Rizvana Bradley; Weihong Bao
FILM,30,Fall 2026,2,In-Person Instruction,Matthew Hubbell; Rizvana Bradley
FILM,35,Fall 2026,1,In-Person Instruction,Jacob Gaboury
FILM,R1A,Fall 2026,1,In-Person Instruction,Victor Omojola
FILM,R1B,Fall 2026,4,In-Person Instruction,Isadora Maria Bratton-Benfield; Jazlyn Tate Andrews; Justine Cheng; Ziwei Chen
FINNISH,1A,Fall 2026,1,In-Person Instruction,Lotta Linnea Weckstrom
FOLKLOR,297,Fall 2026,1,In-Person Instruction,Bryan Wagner
FOLKLOR,C262A,Fall 2026,1,In-Person Instruction,Bryan Wagner
FRENCH,1,Fall 2026,7,In-Person Instruction,Arianna Caitlin Robertson; Jesus Ramirez Silva; Margot A Szarke; Rachel A Shuh; Rhone Geha; Samantha Bonadio
FRENCH,102,Fall 2026,2,In-Person Instruction,Ariel Shannon Hixon; Daniel R Hoffmann
FRENCH,103B,Fall 2026,1,In-Person Instruction,Thoraya S Tlatli
FRENCH,117B,Fall 2026,1,In-Person Instruction,Deborah A Blocker
FRENCH,121A,Fall 2026,1,In-Person Instruction,Liesl Yamaguchi
FRENCH,13,Fall 2026,1,In-Person Instruction,Noe Turchi
FRENCH,137,Fall 2026,1,In-Person Instruction,Claire Delphine Tourmen Perron
FRENCH,141,Fall 2026,1,In-Person Instruction,Michael Lucey
FRENCH,142AC,Fall 2026,1,In-Person Instruction,Susan A Maslan
FRENCH,143D,Fall 2026,1,In-Person Instruction,Deborah A Blocker
FRENCH,146A,Fall 2026,1,In-Person Instruction,Richard Kern
FRENCH,173,Fall 2026,1,In-Person Instruction,William Burton
FRENCH,183A,Fall 2026,1,In-Person Instruction,Thoraya S Tlatli
FRENCH,197,Fall 2026,2,In-Person Instruction,Daniel R Hoffmann; Vesna Rodic
FRENCH,2,Fall 2026,4,In-Person Instruction,Ariel Shannon Hixon; Margot A Szarke; Robbie Fraser Spratt
FRENCH,200A,Fall 2026,1,In-Person Instruction,Susan A Maslan
FRENCH,245B,Fall 2026,1,In-Person Instruction,Nicholas Paige
FRENCH,265A,Fall 2026,1,In-Person Instruction,William Burton
FRENCH,281,Fall 2026,1,In-Person Instruction,Liesl Yamaguchi
FRENCH,3,Fall 2026,3,In-Person Instruction,Danny Tin Pham; Noe Turchi; Vesna Rodic
FRENCH,375A,Fall 2026,1,In-Person Instruction,Vesna Rodic
FRENCH,4,Fall 2026,2,In-Person Instruction,Oliver Whitmore; Rachel A Shuh
FRENCH,43A,Fall 2026,1,In-Person Instruction,Timothy Hampton
FRENCH,48,Fall 2026,1,In-Person Instruction,Mairi-Louise McLaughlin
FRENCH,80,Fall 2026,1,In-Person Instruction,Nicholas Paige
FRENCH,R1B,Fall 2026,3,In-Person Instruction,Maya J Sidhu
GEOG,10AC,Fall 2026,1,In-Person Instruction,Charmaine Chua
GEOG,117,Fall 2026,1,In-Person Instruction,Lakshmi Sarah Eassey
GEOG,127,Fall 2026,1,In-Person Instruction,Joel Wanek
GEOG,138,Fall 2026,1,In-Person Instruction,Diana M Negrin
GEOG,142,Fall 2026,1,In-Person Instruction,John Chiang
GEOG,169,Fall 2026,1,In-Person Instruction,Chase Hobbs-Morgan
GEOG,170,Fall 2026,1,In-Person Instruction,Nathan F Sayre
GEOG,174,Fall 2026,1,In-Person Instruction,Chase Hobbs-Morgan
GEOG,181,Fall 2026,1,In-Person Instruction,Seth Lunine
GEOG,189,Fall 2026,1,In-Person Instruction,Joel Wanek
GEOG,197,Fall 2026,1,In-Person Instruction,Joel Wanek
GEOG,198,Fall 2026,4,In-Person Instruction,Abigail Alysse Deckert; Charlie Zujia Huang; Diya A Lansberg; Dylan Pearson; Helena Wanda Schieneman; Olivia Aree Kim
GEOG,199,Fall 2026,1,In-Person Instruction,Jovan Scott Lewis
GEOG,20,Fall 2026,1,In-Person Instruction,Sharad Chari
GEOG,200A,Fall 2026,1,In-Person Instruction,Tianna Marie Bruno
GEOG,200C,Fall 2026,1,In-Person Instruction,Charmaine Chua
GEOG,207,Fall 2026,1,In-Person Instruction,Lakshmi Sarah Eassey
GEOG,220,Fall 2026,1,In-Person Instruction,Nathan F Sayre
GEOG,255,Fall 2026,1,In-Person Instruction,Sharad Chari
GEOG,285,Fall 2026,1,In-Person Instruction,Jeff Chambers
GEOG,295,Fall 2026,1,In-Person Instruction,Desiree Fields
GEOG,375,Fall 2026,1,In-Person Instruction,Diana M Negrin
GEOG,40,Fall 2026,1,In-Person Instruction,John Chiang
GEOG,50AC,Fall 2026,1,In-Person Instruction,Seth Lunine
GEOG,84,Fall 2026,1,In-Person Instruction,Sharad Chari
GEOG,C139,Fall 2026,1,In-Person Instruction,David M Romps
GEOG,C148,Fall 2026,1,In-Person Instruction,Jeff Chambers; Rosemary G Gillespie
GEOG,C160,Fall 2026,1,In-Person Instruction,Alexander Benjamin Craghead
GEOG,C188,Fall 2026,1,Online,Jialin Nick Sun; Lu Liang; Sydnie Zhang; Wenrui Xu; Will Olson
GEOG,C32,Fall 2026,1,In-Person Instruction,Darren C Zook
GEOG,C55,Fall 2026,1,In-Person Instruction,Sanjyot Mehendale
GEOG,R1A,Fall 2026,1,In-Person Instruction,Diana M Negrin
GEOG,R1B,Fall 2026,1,In-Person Instruction,Lakshmi Sarah Eassey
GERMAN,1,Fall 2026,3,In-Person Instruction,Laura Ellen Sacia Bonicatto; Sabine Lenz; Sonja Thiel
GERMAN,100,Fall 2026,1,In-Person Instruction,Jeroen Dewulf
GERMAN,101,Fall 2026,1,In-Person Instruction,Nikolaus Euba
GERMAN,102B,Fall 2026,1,In-Person Instruction,Sabine Lenz
GERMAN,155,Fall 2026,1,In-Person Instruction,Deniz Gokturk
GERMAN,160B,Fall 2026,1,In-Person Instruction,Stefan Laffin
GERMAN,186,Fall 2026,1,In-Person Instruction,Deniz Gokturk
GERMAN,199,Fall 2026,1,In-Person Instruction,Deniz Gokturk
GERMAN,2,Fall 2026,1,In-Person Instruction,Laura Ellen Sacia Bonicatto
GERMAN,204,Fall 2026,2,In-Person Instruction,Anton J Kaes; Frauke Ilse Dora Berndt
GERMAN,207,Fall 2026,1,In-Person Instruction,Karen S Feldman
GERMAN,214,Fall 2026,1,In-Person Instruction,Niklaus E Largier
GERMAN,24,Fall 2026,1,In-Person Instruction,Karen S Feldman
GERMAN,256,Fall 2026,1,In-Person Instruction,Karen S Feldman
GERMAN,298,Fall 2026,8,In-Person Instruction,Anton J Kaes; Chenxi Tang; Deniz Gokturk; Hannes Bajohr; Jeroen Dewulf; Karen S Feldman
GERMAN,299,Fall 2026,6,In-Person Instruction,Anton J Kaes; Deniz Gokturk; Hannes Bajohr; Lilla Balint; Nicholas Baer; Niklaus E Largier
GERMAN,3,Fall 2026,1,In-Person Instruction,Lynn Dolman
GERMAN,375A,Fall 2026,1,In-Person Instruction,Nikolaus Euba
GERMAN,602,Fall 2026,5,In-Person Instruction,Chenxi Tang; Deniz Gokturk; Karen S Feldman; Lilla Balint; Niklaus E Largier
GERMAN,R5A,Fall 2026,3,In-Person Instruction,Elise Thora Volkmann; Kayla Rose van Kooten; Linus Mao
GLOBAL,100P,Fall 2026,1,In-Person Instruction,Karenjot Bhangoo Randhawa
GLOBAL,102,Fall 2026,2,In-Person Instruction,Peter A Bartu; Tiffany L Page
GLOBAL,10B,Fall 2026,1,In-Person Instruction,Devin Thomas Leigh
GLOBAL,110L,Fall 2026,1,In-Person Instruction,Tiffany L Page
GLOBAL,110Q,Fall 2026,1,In-Person Instruction,Crystal Chang
GLOBAL,121,Fall 2026,1,In-Person Instruction,Clare Talwalker
GLOBAL,123L,Fall 2026,1,In-Person Instruction,Clara I Nicholls
GLOBAL,126,Fall 2026,1,In-Person Instruction,Tiffany L Page
GLOBAL,150Q,Fall 2026,1,In-Person Instruction,Crystal Chang
GLOBAL,154M,Fall 2026,1,In-Person Instruction,Peter A Bartu
GLOBAL,173,Fall 2026,1,In-Person Instruction,Darren C Zook
GLOBAL,198,Fall 2026,2,In-Person Instruction,Darren C Zook
GLOBAL,210,Fall 2026,1,In-Person Instruction,Karenjot Bhangoo Randhawa
GLOBAL,24,Fall 2026,2,In-Person Instruction,Darren C Zook; Peter A Bartu
GLOBAL,298,Fall 2026,1,In-Person Instruction,Steven Sunwoo Lee
GLOBAL,45,Fall 2026,1,In-Person Instruction,Emily R Gottreich
GLOBAL,C10A,Fall 2026,1,In-Person Instruction,Darren C Zook
GLOBAL,H102,Fall 2026,1,In-Person Instruction,Alan L Karras
GPP,105,Fall 2026,1,In-Person Instruction,Clare Talwalker
GPP,115,Fall 2026,1,In-Person Instruction,Ross Christopher Doll
GPP,150,Fall 2026,2,In-Person Instruction,Khalid Kadir; Ross Christopher Doll
GPP,196,Fall 2026,1,In-Person Instruction,Khalid Kadir
GREEK,1,Fall 2026,2,In-Person Instruction,Leah Packard-Grams; Max Buettner
GREEK,100,Fall 2026,1,In-Person Instruction,Chiayi Lee
GREEK,121,Fall 2026,1,In-Person Instruction,Dylan Sailor
GWS,10,Fall 2026,1,In-Person Instruction,Barbara A Barnes
GWS,102,Fall 2026,1,In-Person Instruction,Elora Shehabuddin
GWS,111,Fall 2026,1,In-Person Instruction,Mel Y Chen
GWS,130AC,Fall 2026,1,In-Person Instruction,Brooke Lober
GWS,131,Fall 2026,1,In-Person Instruction,Barbara A Barnes
GWS,133AC,Fall 2026,1,In-Person Instruction,Mel Y Chen
GWS,195,Fall 2026,1,In-Person Instruction,Patrice D Douglass
GWS,197,Fall 2026,1,In-Person Instruction,Em Huang
GWS,198,Fall 2026,1,In-Person Instruction,Eric A Stanley
GWS,210,Fall 2026,2,In-Person Instruction,Ianna Hawkins Owen; Paola Bacchetta
GWS,236,Fall 2026,1,In-Person Instruction,Minoo Moallem
GWS,50AC,Fall 2026,1,In-Person Instruction,Anna N Eng
GWS,C138,Fall 2026,1,In-Person Instruction,Leslie Lane Salzinger
GWS,H195A,Fall 2026,1,In-Person Instruction,Leslie Lane Salzinger
HEBREW,100A,Fall 2026,1,In-Person Instruction,Dalit Gvirtsman
HEBREW,106A,Fall 2026,1,In-Person Instruction,Jenna Kemp
HEBREW,1A,Fall 2026,1,In-Person Instruction,Dalit Gvirtsman
HEBREW,20A,Fall 2026,1,In-Person Instruction,Dalit Gvirtsman
HINDI,100A,Fall 2026,1,In-Person Instruction,Nora Koa
HINDI,101A,Fall 2026,1,In-Person Instruction,Nora Koa
HINDI,1A,Fall 2026,1,In-Person Instruction,Nora Koa
HINDI,299,Fall 2026,1,In-Person Instruction,
HISTART,10,Fall 2026,1,In-Person Instruction,Lisa Pieraccini
HISTART,101,Fall 2026,1,In-Person Instruction,Anneka Lenssen
HISTART,131B,Fall 2026,1,In-Person Instruction,Jun Hu
HISTART,171,Fall 2026,1,In-Person Instruction,Todd P Olson
HISTART,183,Fall 2026,1,In-Person Instruction,Darcy Grimaldo Grigsby
HISTART,185A,Fall 2026,1,In-Person Instruction,Margaretta M Lovell
HISTART,192A,Fall 2026,2,In-Person Instruction,Atreyee Gupta; Jun Hu
HISTART,192B,Fall 2026,1,In-Person Instruction,Lisa Pieraccini
HISTART,192F,Fall 2026,1,In-Person Instruction,Darcy Grimaldo Grigsby
HISTART,192G,Fall 2026,1,In-Person Instruction,Margaretta M Lovell
HISTART,194,Fall 2026,1,In-Person Instruction,Juliana Ramirez Herrera
HISTART,199,Fall 2026,4,In-Person Instruction,Aglaya K Glebova; Anneka Lenssen; Margaretta M Lovell
HISTART,200,Fall 2026,1,In-Person Instruction,Aglaya K Glebova
HISTART,290,Fall 2026,2,In-Person Instruction,Lauren Kroiz; Shiben Banerji
HISTART,37,Fall 2026,1,In-Person Instruction,Atreyee Gupta
HISTART,375,Fall 2026,1,In-Person Instruction,Anneka Lenssen
HISTART,C121A,Fall 2026,1,In-Person Instruction,Persis Dorothy Berlekamp
HISTART,H195,Fall 2026,1,In-Person Instruction,Anneka Lenssen
HISTART,R1B,Fall 2026,6,In-Person Instruction,Ariana Pemberton; Atineh Movsesian; Ivy Mills; Kevin Gadiel Morales-Bernabe; Ramon de Santiago
HISTORY,1,Fall 2026,1,In-Person Instruction,Daniel J Sargent; Nicolas O Tackett
HISTORY,10,Fall 2026,1,In-Person Instruction,Bruce Stewart Hall
HISTORY,100AC,Fall 2026,1,In-Person Instruction,Bonnie Morris
HISTORY,100B,Fall 2026,2,In-Person Instruction,Robert John Iafolla; Stefan Laffin
HISTORY,100E,Fall 2026,1,In-Person Instruction,Craig A Johnson
HISTORY,100F,Fall 2026,1,In-Person Instruction,Yumi Kim
HISTORY,100H,Fall 2026,1,In-Person Instruction,Christian Alvarado
HISTORY,100M,Fall 2026,1,In-Person Instruction,Dzovinar Derderian
HISTORY,100U,Fall 2026,1,In-Person Instruction,Matthew Shutzer
HISTORY,103A,Fall 2026,1,In-Person Instruction,Susanna Elm
HISTORY,103B,Fall 2026,2,In-Person Instruction,John Connelly; Maureen C Miller
HISTORY,103D,Fall 2026,6,In-Person Instruction,Bonnie Morris; Daniel E Zoughbie; Dmitri J Brown; Jaime Sanchez; Mark Brilliant; Ronit Stahl
HISTORY,103U,Fall 2026,2,In-Person Instruction,Christoph Hermann; Lilly Havstad
HISTORY,104,Fall 2026,2,In-Person Instruction,Bernadette Jeanne Perez; Stacey A Van Vleet
HISTORY,106B,Fall 2026,1,In-Person Instruction,Carlos F Norena
HISTORY,129A,Fall 2026,1,In-Person Instruction,Dylan C Penningroth
HISTORY,130,Fall 2026,1,In-Person Instruction,Daniel E Zoughbie
HISTORY,131B,Fall 2026,1,In-Person Instruction,Dmitri J Brown
HISTORY,133B,Fall 2026,1,In-Person Instruction,Mark Brilliant; Steven M Solomon
HISTORY,14,Fall 2026,1,In-Person Instruction,Andrew E Barshay
HISTORY,160,Fall 2026,1,In-Person Instruction,Christoph Hermann
HISTORY,165A,Fall 2026,1,In-Person Instruction,Jonathan Sheehan
HISTORY,166B,Fall 2026,1,In-Person Instruction,Oliver Cussen
HISTORY,166C,Fall 2026,1,In-Person Instruction,Ethan Benjamin Katz
HISTORY,169A,Fall 2026,1,In-Person Instruction,Thomas Dandelet
HISTORY,171B,Fall 2026,1,In-Person Instruction,Victoria Frede-Montemayor
HISTORY,175B,Fall 2026,1,In-Person Instruction,John M Efron
HISTORY,175E,Fall 2026,1,In-Person Instruction,Yoni Furas
HISTORY,182CT,Fall 2026,1,In-Person Instruction This class is audio and/or visually recorded,Shreeharsh Kelkar
HISTORY,185A,Fall 2026,1,In-Person Instruction,Susanna Elm
HISTORY,188E,Fall 2026,1,In-Person Instruction,Diliana Angelova
HISTORY,198,Fall 2026,1,In-Person Instruction,Weiran Zhu
HISTORY,198BC,Fall 2026,1,In-Person Instruction,Bonnie Morris
HISTORY,275E,Fall 2026,1,In-Person Instruction,Rebecca Herman
HISTORY,280A,Fall 2026,1,In-Person Instruction,Maria Mavroudi
HISTORY,280B,Fall 2026,3,In-Person Instruction,Ethan H Shagan; John M Efron; Victoria Frede-Montemayor
HISTORY,280D,Fall 2026,3,In-Person Instruction,Bernadette Jeanne Perez; Christopher Lawrence Tomlins; Ronit Stahl
HISTORY,280F,Fall 2026,3,In-Person Instruction,Janaki Bakhle; Puck Engman; Yumi Kim
HISTORY,280H,Fall 2026,1,In-Person Instruction,Bruce Stewart Hall
HISTORY,280M,Fall 2026,1,In-Person Instruction,Ussama Makdisi
HISTORY,280S,Fall 2026,1,In-Person Instruction,Sandra Eder
HISTORY,280U,Fall 2026,3,In-Person Instruction,Matthew Shutzer; Stefan-Ludwig Hoffmann; Trevor W Jackson
HISTORY,283,Fall 2026,1,In-Person Instruction,Brian DeLay; Christine Philliou
HISTORY,285A,Fall 2026,1,In-Person Instruction,Maria Mavroudi
HISTORY,285B,Fall 2026,1,In-Person Instruction,John M Efron
HISTORY,285D,Fall 2026,1,In-Person Instruction,David M Henkin
HISTORY,285F,Fall 2026,2,In-Person Instruction,Janaki Bakhle; Yumi Kim
HISTORY,285H,Fall 2026,1,In-Person Instruction,Bruce Stewart Hall
HISTORY,285M,Fall 2026,1,In-Person Instruction,Ussama Makdisi
HISTORY,285U,Fall 2026,1,In-Person Instruction,Stefan-Ludwig Hoffmann
HISTORY,290,Fall 2026,1,In-Person Instruction Time Conflict Enrollment Allowed,Sandra Eder
HISTORY,296,Fall 2026,57,In-Person Instruction,Abhishek Kaicker; Andrew E Barshay; Bernadette Jeanne Perez; Brian DeLay; Bruce Stewart Hall; Caitlin C Rosenthal
HISTORY,3,Fall 2026,1,In-Person Instruction,Maria Mavroudi
HISTORY,30,Fall 2026,1,In-Person Instruction,Massimo Mazzotti
HISTORY,4A,Fall 2026,1,In-Person Instruction,Emily Mackil
HISTORY,5,Fall 2026,1,In-Person Instruction,Ethan H Shagan
HISTORY,6A,Fall 2026,1,In-Person Instruction,Nicolas O Tackett
HISTORY,7A,Fall 2026,1,In-Person Instruction,David M Henkin
HISTORY,8A,Fall 2026,1,In-Person Instruction,Craig A Johnson
HISTORY,98BC,Fall 2026,1,In-Person Instruction,Bonnie Morris
HISTORY,C159A,Fall 2026,1,In-Person Instruction,Trevor W Jackson
HISTORY,C182C,Fall 2026,1,In-Person Instruction This class is audio and/or visually recorded,Shreeharsh Kelkar
HISTORY,C183A,Fall 2026,1,In-Person Instruction,Sandra Eder
HISTORY,C184D,Fall 2026,1,In-Person Instruction,Ari S Edmundson; Cathryn Carson
HISTORY,C250,Fall 2026,1,In-Person Instruction,Massimo Mazzotti
HISTORY,R1B,Fall 2026,3,In-Person Instruction,Brandon Carlos Sanchez; Carla Hesse; Jacob Allen Smiley; Juliette Klara Rosenthal
HMEDSCI,205A,Fall 2026,1,In-Person Instruction,Gustavo A Valbuena
HMEDSCI,205C,Fall 2026,2,In-Person Instruction,Camila Mateo; Claudia Landau; Dipti Surendra Barot; Gustavo A Valbuena; Jennifer Breckler
HMEDSCI,205E,Fall 2026,1,In-Person Instruction,Gustavo A Valbuena; Jyothi N Marbin; Shelene K Stine
HMEDSCI,216A,Fall 2026,2,In-Person Instruction,Kareen Espino; Neeti Doshi; Odi A Ehie
HMEDSCI,216C,Fall 2026,2,In-Person Instruction,Ashkon Shaahinfar; Katherine Carlson Brooks; Odi A Ehie
HMEDSCI,216E,Fall 2026,1,In-Person Instruction,Jennifer Tsai; Shelene K Stine
HMEDSCI,261A,Fall 2026,1,In-Person Instruction,Gustavo A Valbuena; Osagie K Obasogie
HMEDSCI,261C,Fall 2026,1,In-Person Instruction,Gustavo A Valbuena; Jyothi N Marbin; Leanna W Lewis; Rohini Haar
HMEDSCI,261E,Fall 2026,1,In-Person Instruction,Gustavo A Valbuena; Jyothi N Marbin; Leanna W Lewis; Meg R Schwarzman
HMEDSCI,261PA,Fall 2026,1,In-Person Instruction,Jenny Espinoza; Leanna W Lewis
HMEDSCI,261PC,Fall 2026,1,In-Person Instruction,Kareen Espino; Leanna W Lewis
HUM,10,Fall 2026,1,In-Person Instruction,Alex Saum-Pascual; Hannes Bajohr; Ramona Naddaff
HUM,100,Fall 2026,1,In-Person Instruction,Samiha Khalil
HUM,105,Fall 2026,1,In-Person Instruction,Richard S Andrews
HUNGARI,100,Fall 2026,1,Online,Dallin Day
HUNGARI,1A,Fall 2026,1,Online,Dallin Day
IAS,C118,Fall 2026,1,In-Person Instruction,Jeremy R Magruder
IAS,C176,Fall 2026,1,In-Person Instruction,David Anthoff
INDENG,115,Fall 2026,1,In-Person Instruction,Jaewon Jeong; Ken Goldberg; Wangdong Jia
INDENG,120,Fall 2026,1,In-Person Instruction,Paul Grigas
INDENG,130,Fall 2026,1,In-Person Instruction,Robert C Leachman; Taras Goral
INDENG,142A,Fall 2026,1,In-Person Instruction,Daniel Pirutinsky
INDENG,145,Fall 2026,1,In-Person Instruction,Rajan H Udwani; Suho Kang
INDENG,150,Fall 2026,1,In-Person Instruction,Huiwen Jia; Samuel Xu
INDENG,153,Fall 2026,1,In-Person Instruction,Chiwei Yan; Denise Cerna; Tonghun Lee
INDENG,162,Fall 2026,1,In-Person Instruction,Dorit S Hochbaum
INDENG,171,Fall 2026,1,In-Person Instruction,Lee Fleming
INDENG,172,Fall 2026,1,In-Person Instruction,Rhonda Lee Righter
INDENG,174,Fall 2026,1,In-Person Instruction,Zeyu Zheng
INDENG,180,Fall 2026,1,In-Person Instruction,Candace Arai Yano
INDENG,198,Fall 2026,1,In-Person Instruction,Thibaut Mastrolia
INDENG,215,Fall 2026,1,In-Person Instruction,Ken Goldberg
INDENG,221,Fall 2026,1,In-Person Instruction,Lizeng Zhang
INDENG,24,Fall 2026,1,In-Person Instruction,Phillip Kerger
INDENG,240,Fall 2026,2,In-Person Instruction,Phillip Kerger
INDENG,241,Fall 2026,2,In-Person Instruction,Daniel Pirutinsky
INDENG,242A,Fall 2026,1,In-Person Instruction,Paul Grigas
INDENG,245,Fall 2026,1,In-Person Instruction,Rajan H Udwani; Suho Kang
INDENG,250,Fall 2026,1,In-Person Instruction,Huiwen Jia; Xuchen Liu
INDENG,262A,Fall 2026,1,In-Person Instruction,Alper Atamturk
INDENG,263A,Fall 2026,1,In-Person Instruction,Rhonda Lee Righter
INDENG,266,Fall 2026,1,In-Person Instruction,Dorit S Hochbaum
INDENG,290,Fall 2026,1,In-Person Instruction,Lizeng Zhang
INDENG,298,Fall 2026,2,In-Person Instruction,Chenyang Zhong; Huiwen Jia
INDONES,100A,Fall 2026,1,In-Person Instruction,Ninik K Lunde
INDONES,1A,Fall 2026,1,In-Person Instruction,Ninik K Lunde
INDONES,210A,Fall 2026,1,In-Person Instruction,Sylvia C Tiwon
INFO,153A,Fall 2026,1,In-Person Instruction,Olukayode Segun Ashaolu
INFO,201,Fall 2026,1,In-Person Instruction,Deborah M Donig
INFO,202,Fall 2026,1,In-Person Instruction,David Bamman
INFO,206A,Fall 2026,1,In-Person Instruction,John Chuang
INFO,206B,Fall 2026,1,In-Person Instruction,John Chuang
INFO,213,Fall 2026,1,In-Person Instruction,Stefanie Hutka
INFO,225,Fall 2026,1,In-Person Instruction,Judd Antin
INFO,239,Fall 2026,1,In-Person Instruction,Deirdre Kathleen Mulligan
INFO,241,Fall 2026,1,In-Person Instruction,D. Alex Hughes
INFO,253A,Fall 2026,1,In-Person Instruction,Olukayode Segun Ashaolu
INFO,271B,Fall 2026,1,In-Person Instruction,Coye Cheshire
INFO,272,Fall 2026,1,In-Person Instruction,Laith A Ulaby
INFO,285,Fall 2026,1,In-Person Instruction,Diag Davenport
INFO,289,Fall 2026,1,In-Person Instruction,Elijah Baucom
INFO,290,Fall 2026,6,In-Person Instruction,Kathryne Metcalf; Laurel E Fletcher; Marti Hearst; Mischelle Mulia; Valentina Rozo Angel
INFO,290T,Fall 2026,1,In-Person Instruction,Niloufar Salehi
INFO,295,Fall 2026,1,In-Person Instruction,Tim Tangherlini
INFO,98,Fall 2026,1,In-Person Instruction Time Conflict Enrollment Allowed,Dawson Thomas Kelly
INFO,C262,Fall 2026,1,In-Person Instruction,Kimiko Ryokai
INTEGBI,108,Fall 2026,1,In-Person Instruction,Timothy M Markowitz
INTEGBI,11,Fall 2026,1,In-Person Instruction,Alan B Shabel; Alder (Emma) Wheeler; Joel Peter Crothers
INTEGBI,112,Fall 2026,1,In-Person Instruction,Anthony S Garza
INTEGBI,114,Fall 2026,1,In-Person Instruction,Cara Elisabeth Brook; Michael Robert John Boots; Tierra Smiley Evans
INTEGBI,130,Fall 2026,1,In-Person Instruction,Victor Ortega Jimenez
INTEGBI,131,Fall 2026,1,In-Person Instruction,Rana Khankan
INTEGBI,131L,Fall 2026,10,In-Person Instruction,Claire Elizabeth Hardt Andrews; Jacquelyn Raquel Galvez; Joy Barrett; Madeline Elise Holtkamp
INTEGBI,134L,Fall 2026,1,In-Person Instruction,Peter James Sudmant; Rebecca Tarvin
INTEGBI,157LF,Fall 2026,1,In-Person Instruction,Paul V A Fine
INTEGBI,160,Fall 2026,1,In-Person Instruction,Britt Koskella; Seth Finnegan
INTEGBI,164L,Fall 2026,1,In-Person Instruction,Doris Bachtrog; Peter James Sudmant
INTEGBI,173LF,Fall 2026,1,In-Person Instruction,Michael Nachman
INTEGBI,198,Fall 2026,6,In-Person Instruction,Anna McPherson; Eva Reineck; Fontanna Weiyuan Zhi; Giselle H Garcia; Joshua Jong Pak; Julia Tsuei
INTEGBI,198BC,Fall 2026,2,In-Person Instruction,Annaliese Beery
INTEGBI,206,Fall 2026,1,In-Person Instruction,John P Huelsenbeck
INTEGBI,222,Fall 2026,1,In-Person Instruction,Robert Dudley; Victor Ortega Jimenez
INTEGBI,234,Fall 2026,1,In-Person Instruction,Jimmy A McGuire; Marvalee H H Wake; Rebecca Tarvin
INTEGBI,24,Fall 2026,2,In-Person Instruction,Eileen Lacey; George E Bentley
INTEGBI,264,Fall 2026,1,In-Person Instruction,Eileen Lacey; Jimmy A McGuire; Michael Nachman; Rauri C K Bowie
INTEGBI,287,Fall 2026,1,In-Person Instruction,Jack Tseng
INTEGBI,290,Fall 2026,2,In-Person Instruction,Ayesha S Mahmud; Cara Elisabeth Brook; Charles Frederick Whittaker; Michael Shapira
INTEGBI,298,Fall 2026,44,In-Person Instruction,Annaliese Beery; Britt Koskella; Cara Elisabeth Brook; Caroline Margaret Williams; Charles Marshall; Christopher Herbert Martin
INTEGBI,299,Fall 2026,42,In-Person Instruction,Annaliese Beery; Benjamin K Blackman; Britt Koskella; Cara Elisabeth Brook; Caroline Margaret Williams; Charles Marshall
INTEGBI,305,Fall 2026,1,In-Person Instruction,Caroline Margaret Williams; Seth Finnegan
INTEGBI,375,Fall 2026,1,In-Person Instruction,Michal Ilana Shuldman
INTEGBI,400,Fall 2026,1,In-Person Instruction,Todd Edwin Dawson
INTEGBI,43,Fall 2026,1,In-Person Instruction,Michael Shapira
INTEGBI,77A,Fall 2026,1,In-Person Instruction,Moises Exposito Alonso; Victor Ortega Jimenez
INTEGBI,84,Fall 2026,1,In-Person Instruction,Alan B Shabel
INTEGBI,98BC,Fall 2026,2,In-Person Instruction,Annaliese Beery
INTEGBI,C105,Fall 2026,1,In-Person Instruction,Rosemary G Gillespie
INTEGBI,C110L,Fall 2026,1,In-Person Instruction,Lotus Lofgren; Rachel Brem
INTEGBI,C139,Fall 2026,1,In-Person Instruction,Daniela Kaufer
INTEGBI,C144,Fall 2026,1,In-Person Instruction,Damian O Elias; Eileen Lacey; George E Bentley
INTEGBI,C156,Fall 2026,1,In-Person Instruction,Alejandra Echeverri Ochoa
INTEGBI,C158L,Fall 2026,1,In-Person Instruction,Albert Ruhi; Christopher Herbert Martin; Jonathon H Stillman; Rachel R Carlson
INTEGBI,C166,Fall 2026,1,In-Person Instruction,Jeff Chambers; Rosemary G Gillespie
INTEGBI,C204,Fall 2026,1,In-Person Instruction,Damian O Elias; Eileen Lacey
INTEGBI,C226,Fall 2026,1,In-Person Instruction,
INTEGBI,C242,Fall 2026,1,In-Person Instruction,Peter James Sudmant; Priya G Moorjani
INTEGBI,C96,Fall 2026,1,In-Person Instruction,
IRANIAN,201A,Fall 2026,1,In-Person Instruction,
ISF,100A,Fall 2026,1,In-Person Instruction,Amm Quamruzzaman
ISF,100B,Fall 2026,1,In-Person Instruction,Rakesh Bhandari
ISF,100C,Fall 2026,1,In-Person Instruction,Fang Xu
ISF,100F,Fall 2026,1,In-Person Instruction,Rakesh Bhandari
ISF,110,Fall 2026,2,In-Person Instruction,Diego Pirillo; Shreeharsh Kelkar
ISF,189,Fall 2026,2,In-Person Instruction,Amm Quamruzzaman; Fang Xu
ISF,190,Fall 2026,1,In-Person Instruction,Fang Xu
ISF,198,Fall 2026,1,In-Person Instruction,Rakesh Bhandari
ISF,C100G,Fall 2026,1,In-Person Instruction This class is audio and/or visually recorded,Shreeharsh Kelkar
ITALIAN,1,Fall 2026,2,In-Person Instruction,Ari Gizzi; Cristina Farronato; Mariagrazia De Luca
ITALIAN,101,Fall 2026,1,In-Person Instruction,Giuliana Perco
ITALIAN,102,Fall 2026,1,In-Person Instruction,Annamaria Bellezza
ITALIAN,120,Fall 2026,1,Online,Henrike Christiane Lange
ITALIAN,130A,Fall 2026,1,In-Person Instruction,Akash Kumar
ITALIAN,160,Fall 2026,1,In-Person Instruction,Diego Pirillo
ITALIAN,1R,Fall 2026,1,In-Person Instruction,Annamaria Bellezza
ITALIAN,2,Fall 2026,1,In-Person Instruction,Cristina Farronato
ITALIAN,215,Fall 2026,1,In-Person Instruction,Carlotta Moro
ITALIAN,244,Fall 2026,1,In-Person Instruction,Akash Kumar
ITALIAN,260,Fall 2026,5,In-Person Instruction,Barbara Gwen Spackman; Henrike Christiane Lange; Mia Fuller
ITALIAN,270,Fall 2026,5,In-Person Instruction,Barbara Gwen Spackman; Henrike Christiane Lange; Mia Fuller
ITALIAN,282,Fall 2026,11,In-Person Instruction,Akash Kumar; Barbara Gwen Spackman; Henrike Christiane Lange; Mia Fuller; Rhiannon Welch
ITALIAN,290A,Fall 2026,1,In-Person Instruction,Rhiannon Welch
ITALIAN,298,Fall 2026,6,In-Person Instruction,Akash Kumar; Barbara Gwen Spackman; Cristina Farronato; Giuliana Perco; Mia Fuller; Rhiannon Welch
ITALIAN,299,Fall 2026,6,In-Person Instruction,Akash Kumar; Barbara Gwen Spackman; Diego Pirillo; Henrike Christiane Lange; Mia Fuller; Rhiannon Welch
ITALIAN,3,Fall 2026,1,In-Person Instruction,Giuliana Perco
ITALIAN,302,Fall 2026,1,In-Person Instruction,Cristina Farronato
ITALIAN,303,Fall 2026,3,In-Person Instruction,Akash Kumar; Rachel K Cook; Rhiannon Welch
ITALIAN,4,Fall 2026,1,In-Person Instruction,Annamaria Bellezza
ITALIAN,40,Fall 2026,1,In-Person Instruction,Rhiannon Welch
ITALIAN,601,Fall 2026,5,In-Person Instruction,Barbara Gwen Spackman; Mia Fuller; Rhiannon Welch
ITALIAN,602,Fall 2026,5,In-Person Instruction,Akash Kumar; Barbara Gwen Spackman; Diego Pirillo; Mia Fuller; Rhiannon Welch
ITALIAN,70AC,Fall 2026,1,In-Person Instruction,Rhiannon Welch
ITALIAN,R5A,Fall 2026,1,In-Person Instruction,Rachel K Cook; Sandra Paola Bonequi Gonzalez
ITALIAN,R5B,Fall 2026,2,In-Person Instruction,Rachel K Cook
JAPAN,100A,Fall 2026,2,In-Person Instruction,Yuriko Miyamoto Caltabiano
JAPAN,103,Fall 2026,1,In-Person Instruction,Maki Takata
JAPAN,10A,Fall 2026,2,In-Person Instruction,Jing Liu
JAPAN,120,Fall 2026,1,In-Person Instruction,Jonathan E Zwicker
JAPAN,155,Fall 2026,1,In-Person Instruction,Alan Martin Tansman
JAPAN,1A,Fall 2026,6,In-Person Instruction,Hong Jang; Kayoko Imagawa; Keiko Dickens; Kurumi Sarah Kaneko; Maki Takata; Robert Ashmore
JAPAN,1B,Fall 2026,2,In-Person Instruction,Kayoko Imagawa
JAPAN,255,Fall 2026,1,In-Person Instruction,Gregory Pflugfelder
JAPAN,259,Fall 2026,1,In-Person Instruction,Daniel Cuong O'Neill
JAPAN,7A,Fall 2026,1,In-Person Instruction,Gregory Pflugfelder
JAPAN,C176,Fall 2026,1,In-Person Instruction,Junko Habu
JEWISH,100,Fall 2026,1,In-Person Instruction,Sarah Frances Levin
JEWISH,110,Fall 2026,1,In-Person Instruction,Roni Masel
JEWISH,120A,Fall 2026,1,In-Person Instruction,Yael Tova Segalovitz
JEWISH,121A,Fall 2026,1,In-Person Instruction,John M Efron
JEWISH,121B,Fall 2026,1,In-Person Instruction,Yifat Moas
JEWISH,175E,Fall 2026,2,In-Person Instruction,Yifat Moas; Yoni Furas
JEWISH,290,Fall 2026,1,In-Person Instruction,Yael Tova Segalovitz
JOURN,100,Fall 2026,1,In-Person Instruction,William J Drummond
JOURN,136,Fall 2026,1,In-Person Instruction,Edward Wasserman
JOURN,200,Fall 2026,4,In-Person Instruction,Jamil Karim Smith; Kate B Maxwell; Lisa Armstrong; Sarah Ravani
JOURN,207,Fall 2026,1,In-Person Instruction,Jennifer Anne LaFleur
JOURN,210,Fall 2026,1,In-Person Instruction,Ken Light
JOURN,212,Fall 2026,1,In-Person Instruction,Shereen Marisol Meraji
JOURN,213,Fall 2026,1,In-Person Instruction,Ken Light
JOURN,215,Fall 2026,1,In-Person Instruction,Jeremy Sanchez Rue
JOURN,216,Fall 2026,1,In-Person Instruction,Jeremy Sanchez Rue
JOURN,219,Fall 2026,4,In-Person Instruction,Adam Hochschild; Alice Li; Jennifer Anne LaFleur; Michael Douglas Bolden
JOURN,221,Fall 2026,1,In-Person Instruction,Jennifer Anne LaFleur
JOURN,226,Fall 2026,1,In-Person Instruction,Mark Jeffrey Schapiro
JOURN,231,Fall 2026,1,In-Person Instruction,Nick E Romeo
JOURN,242,Fall 2026,1,In-Person Instruction,Jennifer M Kahn
JOURN,255,Fall 2026,1,In-Person Instruction,Edward Wasserman
JOURN,262,Fall 2026,1,In-Person Instruction,Maria Ingrid Streshinsky
JOURN,282,Fall 2026,1,In-Person Instruction,Jason Spingarn-Koff
JOURN,284,Fall 2026,1,In-Person Instruction,Jennifer Redfearn
JOURN,289,Fall 2026,1,In-Person Instruction,Jennifer Redfearn
JOURN,294,Fall 2026,10,In-Person Instruction,David T Barstow; Elena Christine Conis; Jason Spingarn-Koff; Jennifer Anne LaFleur; Jennifer Redfearn; Jeremy Sanchez Rue
JOURN,296,Fall 2026,1,Online,Daron Taylor
JOURN,298,Fall 2026,6,In-Person Instruction,Christine R Schiavo; Jason Spingarn-Koff; Mark Danner; Queena Kim; Shereen Marisol Meraji; William J Drummond
JOURN,299,Fall 2026,2,In-Person Instruction,James R Wheaton; Jennifer Anne LaFleur
JOURN,39,Fall 2026,1,In-Person Instruction,Michael Douglas Bolden
JOURN,601,Fall 2026,1,In-Person Instruction,
KOREAN,100A,Fall 2026,1,In-Person Instruction,Kijoo Ko
KOREAN,100AX,Fall 2026,1,In-Person Instruction,Minsook Kim
KOREAN,101,Fall 2026,1,In-Person Instruction,Kyongmi Park
KOREAN,105,Fall 2026,1,In-Person Instruction,Kijoo Ko
KOREAN,10A,Fall 2026,1,In-Person Instruction,Ina Choi
KOREAN,10AX,Fall 2026,1,In-Person Instruction,Junghee Park
KOREAN,111,Fall 2026,1,In-Person Instruction,Soojin C Lee
KOREAN,120,Fall 2026,1,In-Person Instruction,Marjorie Grace Burge
KOREAN,157,Fall 2026,1,In-Person Instruction,Kevin Shadel
KOREAN,173,Fall 2026,1,In-Person Instruction,Stella Kim
KOREAN,186,Fall 2026,1,In-Person Instruction,Jinsoo An
KOREAN,189,Fall 2026,1,In-Person Instruction,Jinsoo An
KOREAN,1A,Fall 2026,7,In-Person Instruction,Kyongmi Park; Meehyei Lee; Minsook Kim; Soojin C Lee
KOREAN,1AX,Fall 2026,1,In-Person Instruction,Meehyei Lee
KOREAN,1B,Fall 2026,1,In-Person Instruction,Junghee Park
KOREAN,5,Fall 2026,1,In-Person Instruction,Ina Choi
KOREAN,7A,Fall 2026,1,In-Person Instruction,Stella Kim
LANPRO,380,Fall 2026,2,In-Person Instruction,Nora Mitchell
LATIN,1,Fall 2026,2,In-Person Instruction,Christian Rhoads; Lauren Nguyen
LATIN,100,Fall 2026,1,In-Person Instruction,Trevor M Murphy
LATIN,102,Fall 2026,1,In-Person Instruction,Jackie Elliott
LDARCH,101,Fall 2026,1,In-Person Instruction,Hyunch Sung; Maggie Gold
LDARCH,103,Fall 2026,1,In-Person Instruction,Lauren Wolfe; Richard L Hindle
LDARCH,12,Fall 2026,1,Online,Adrienne Elizabeth Dodd; Eytan Stanton
LDARCH,133,Fall 2026,1,In-Person Instruction,Kristina Hill
LDARCH,134B,Fall 2026,1,Online,Erin Westphal Cain; Karl William Kullmann
LDARCH,154,Fall 2026,1,In-Person Instruction,Chip Sullivan
LDARCH,200A,Fall 2026,1,In-Person Instruction,Henry Edward Peters; Phoebe White
LDARCH,201,Fall 2026,1,In-Person Instruction,Diego Romero Evans; Kristina Hill
LDARCH,224,Fall 2026,1,In-Person Instruction,Mark F Wessels
LDARCH,227,Fall 2026,1,In-Person Instruction,G Mathias Kondolf
LDARCH,233,Fall 2026,1,In-Person Instruction,Kristina Hill
LDARCH,234,Fall 2026,1,In-Person Instruction,Claire Geneste
LDARCH,252B,Fall 2026,1,In-Person Instruction,Karl William Kullmann
LDARCH,375,Fall 2026,1,Online,Richard L Hindle
LDARCH,C110A,Fall 2026,1,Online,Iryna Dronova; Madeleine Page; Zoe Simone Curcio
LDARCH,C171,Fall 2026,1,In-Person Instruction,Louise A Mozingo; Shrabya Timsina
LDARCH,C188,Fall 2026,1,Online,Jialin Nick Sun; Lu Liang; Sydnie Zhang; Wenrui Xu; Will Olson
LDARCH,C203,Fall 2026,1,In-Person Instruction,Nate Eben Kauffman
LDARCH,C241,Fall 2026,1,In-Person Instruction,Zachary Lamb
LDARCH,C242,Fall 2026,1,In-Person Instruction,Erik Prince; Kimberly Rose Garza
LDARCH,C250,Fall 2026,1,In-Person Instruction,Matthew Lasner
LDARCH,C290,Fall 2026,1,In-Person Instruction,Iryna Dronova
LEGALST,100,Fall 2026,1,In-Person Instruction,Kyle Deland
LEGALST,102,Fall 2026,1,In-Person Instruction,Richard W Perry
LEGALST,103,Fall 2026,1,In-Person Instruction,Jason Ferguson
LEGALST,113,Fall 2026,1,In-Person Instruction,Kathryn Abrams
LEGALST,132AC,Fall 2026,1,In-Person Instruction,Christina Lee; Lisa Veronica Knox
LEGALST,135,Fall 2026,1,In-Person Instruction,Monica Castillejos Aragon
LEGALST,138,Fall 2026,1,In-Person Instruction,Kyle Deland
LEGALST,141,Fall 2026,1,In-Person Instruction,Mark Brilliant; Steven M Solomon
LEGALST,142,Fall 2026,1,In-Person Instruction,Bruno Meyerhof Salama
LEGALST,145,Fall 2026,1,In-Person Instruction,Dhammika Dharmapala
LEGALST,154,Fall 2026,1,In-Person Instruction,Lisa Reinsberg; Rohini Haar
LEGALST,157,Fall 2026,1,In-Person Instruction,Lisa Reinsberg
LEGALST,158,Fall 2026,1,In-Person Instruction,Bruno Meyerhof Salama
LEGALST,160,Fall 2026,1,In-Person Instruction,Nicole Lindahl-Ruiz
LEGALST,162AC,Fall 2026,1,In-Person Instruction,Julie Shackford-Bradley
LEGALST,170,Fall 2026,1,In-Person Instruction,Nicole Lindahl-Ruiz
LEGALST,177,Fall 2026,1,In-Person Instruction,Dylan C Penningroth
LEGALST,184,Fall 2026,1,In-Person Instruction,Kristin M Sangren
LEGALST,190,Fall 2026,10,In-Person Instruction,Alan J Pomerantz; Daniel Alexander Levy; David Singh Grewal; Dhammika Dharmapala; Dov S Greenbaum; Julie Shackford-Bradley
LEGALST,198,Fall 2026,2,In-Person Instruction,Dov S Greenbaum
LEGALST,39D,Fall 2026,1,In-Person Instruction,Alan J Pomerantz
LEGALST,H195A,Fall 2026,1,In-Person Instruction,Calvin K Morrill; Cristina Violante
LEGALST,R1B,Fall 2026,1,In-Person Instruction,Margot Lipin
LINGUIS,100,Fall 2026,1,In-Person Instruction,Gasper Begus
LINGUIS,120,Fall 2026,1,In-Person Instruction,Peter S E Jenks
LINGUIS,140X,Fall 2026,1,In-Person Instruction,Lev D Michael
LINGUIS,150A,Fall 2026,1,In-Person Instruction,Nicole Holliday
LINGUIS,1A,Fall 2026,2,Online,Sherry L Hicks
LINGUIS,200,Fall 2026,1,In-Person Instruction Time Conflict Enrollment Allowed,Line Hove Leander Mikkelsen
LINGUIS,201,Fall 2026,1,In-Person Instruction Time Conflict Enrollment Allowed,Terry Regier
LINGUIS,210,Fall 2026,1,In-Person Instruction,Alan Yu
LINGUIS,220A,Fall 2026,1,In-Person Instruction,Line Hove Leander Mikkelsen
LINGUIS,221,Fall 2026,1,In-Person Instruction,Amy Rose Deal
LINGUIS,230,Fall 2026,1,In-Person Instruction,Andrew Garrett
LINGUIS,240A,Fall 2026,1,In-Person Instruction,Lev D Michael
LINGUIS,260,Fall 2026,1,In-Person Instruction,Susanne Gahl
LINGUIS,290L,Fall 2026,1,In-Person Instruction,Hannah Sande; Peter S E Jenks
LINGUIS,301,Fall 2026,1,In-Person Instruction,Hannah Sande
LINGUIS,375,Fall 2026,1,In-Person Instruction,Hannah Sande
LINGUIS,55AC,Fall 2026,1,In-Person Instruction,Line Hove Leander Mikkelsen
LINGUIS,C142,Fall 2026,1,In-Person Instruction,Terry Regier
LINGUIS,C146,Fall 2026,1,In-Person Instruction,Mahesh Srinivasan
LINGUIS,R1B,Fall 2026,2,In-Person Instruction,Aurora Martinez Kane; Masi Santos
LS,191A,Fall 2026,1,In-Person Instruction,Ethan Benjamin Katz
LS,198,Fall 2026,19,In-Person Instruction,Lucille Molina Martinez; Shannon Steen
MATH,1,Fall 2026,1,In-Person Instruction,Alexander Paulin
MATH,104,Fall 2026,10,In-Person Instruction,Kendric Schefers; Koichi Oyakawa; Obrad Kasum; Ruofan Jiang; Siiri Kivimaki; Xianzhe Li
MATH,10A,Fall 2026,1,In-Person Instruction,Ryan A Hass
MATH,110,Fall 2026,1,In-Person Instruction,Alan Hammond
MATH,113,Fall 2026,1,In-Person Instruction,Christian Gaetz
MATH,118,Fall 2026,1,In-Person Instruction,Jon A Wilkening
MATH,121A,Fall 2026,1,In-Person Instruction,Dan-Virgil Voiculescu
MATH,125A,Fall 2026,1,In-Person Instruction,Gabriel T Goldberg
MATH,126,Fall 2026,2,In-Person Instruction,Sung-Jin Oh; Zhenhao Li
MATH,128A,Fall 2026,1,In-Person Instruction,Per-Olof Persson
MATH,130,Fall 2026,1,In-Person Instruction,Mariusz Wodzicki
MATH,136,Fall 2026,1,In-Person Instruction,Felix Weilacher
MATH,140,Fall 2026,1,In-Person Instruction,Nicki Magill
MATH,142,Fall 2026,1,In-Person Instruction,John W Lott
MATH,151,Fall 2026,1,In-Person Instruction,David Gao
MATH,160,Fall 2026,1,In-Person Instruction,Avi Zeff
MATH,16A,Fall 2026,1,In-Person Instruction,Emiliano Gomez
MATH,16B,Fall 2026,1,In-Person Instruction,Rui Wang
MATH,185,Fall 2026,7,In-Person Instruction,Joshua Mundinger; Michael J Ragone; Simon Gabriel; Vinh Nguyen; Zeyu Liu
MATH,191,Fall 2026,1,In-Person Instruction,Olga V Holtz
MATH,198BC,Fall 2026,4,In-Person Instruction,Audrey Rosevear
MATH,202A,Fall 2026,1,In-Person Instruction,Adam Black
MATH,206,Fall 2026,1,In-Person Instruction,Daniel I Tataru
MATH,214,Fall 2026,1,In-Person Instruction,Richard Bamler
MATH,215A,Fall 2026,1,In-Person Instruction,Alexander B Givental
MATH,219,Fall 2026,1,In-Person Instruction,Fraydoun Rezakhanlou
MATH,221,Fall 2026,1,In-Person Instruction,Ming Gu
MATH,222A,Fall 2026,1,In-Person Instruction,Maciej Zworski
MATH,224A,Fall 2026,1,In-Person Instruction,Svetlana Jitomirskaya
MATH,225A,Fall 2026,1,In-Person Instruction,Antonio Montalban
MATH,249,Fall 2026,1,In-Person Instruction,Sylvie M Corteel
MATH,250A,Fall 2026,1,In-Person Instruction,Richard E Borcherds
MATH,254A,Fall 2026,1,In-Person Instruction,Sug Woo Shin
MATH,256A,Fall 2026,1,In-Person Instruction,Yunqing Tang
MATH,261A,Fall 2026,1,In-Person Instruction,Mark Haiman
MATH,274,Fall 2026,2,In-Person Instruction,Ben Davison; Hannah Kerner Larson
MATH,278,Fall 2026,1,In-Person Instruction,Srivatsav Kunnawalkam Elayavalli
MATH,279,Fall 2026,1,In-Person Instruction,Maciej Zworski
MATH,3,Fall 2026,1,In-Person Instruction,Khalilah Beal-Uribe
MATH,51,Fall 2026,2,In-Person Instruction,Alexander Paulin
MATH,52,Fall 2026,2,In-Person Instruction,Ryan A Hass; Zvezdelina E Stankova
MATH,53,Fall 2026,2,In-Person Instruction,Edward Frenkel; James Sethian
MATH,54,Fall 2026,2,In-Person Instruction,Ko Woon Ohm
MATH,55,Fall 2026,1,In-Person Instruction,Andrew Marks
MATH,700,Fall 2026,1,In-Person Instruction,
MATH,74,Fall 2026,1,In-Person Instruction,Zvezdelina E Stankova
MATH,84,Fall 2026,1,In-Person Instruction,Francisco A Grunbaum
MATH,98BC,Fall 2026,2,In-Person Instruction,Kabir Shantanu Kapoor
MATH,C218A,Fall 2026,1,In-Person Instruction,Steven N Evans
MATH,H104,Fall 2026,1,In-Person Instruction,Charles C Pugh
MATH,H113,Fall 2026,1,In-Person Instruction,Noah Olander
MATH,H185,Fall 2026,1,In-Person Instruction,Aaron Calderon
MATSCI,102,Fall 2026,1,In-Person Instruction,Daryl C Chrzan
MATSCI,113,Fall 2026,1,In-Person Instruction,Robert O Ritchie
MATSCI,123,Fall 2026,1,In-Person Instruction,Oscar D Dubon
MATSCI,131,Fall 2026,1,In-Person Instruction,Xiaoyu Zheng
MATSCI,159,Fall 2026,1,In-Person Instruction,Ahmad K Omar
MATSCI,200A,Fall 2026,1,In-Person Instruction,Jiyun Kang
MATSCI,201A,Fall 2026,1,In-Person Instruction,Gerbrand Ceder
MATSCI,218,Fall 2026,1,In-Person Instruction,
MATSCI,24,Fall 2026,1,In-Person Instruction,Thomas M Devine
MATSCI,296A,Fall 2026,1,In-Person Instruction,Ahmad K Omar
MATSCI,298,Fall 2026,33,In-Person Instruction; In-Person Instruction Time Conflict Enrollment Allowed,Ahmad K Omar; Ali Javey; Andrew M Minor; Armand P Alivisatos; Daryl C Chrzan; Frances Hellman
MATSCI,299,Fall 2026,34,In-Person Instruction,Ahmad K Omar; Ali Javey; Andrew M Minor; Armand P Alivisatos; Daryl C Chrzan; Frances Hellman
MATSCI,45,Fall 2026,1,In-Person Instruction,Andrew M Minor
MATSCI,45L,Fall 2026,5,In-Person Instruction,Andrew M Minor
MATSCI,C118,Fall 2026,1,In-Person Instruction,Kevin E Healy
MATSCI,C135,Fall 2026,1,In-Person Instruction,Scott James Mccormack
MATSCI,C150,Fall 2026,1,In-Person Instruction,Hendrik Utzat
MATSCI,C208,Fall 2026,1,In-Person Instruction,Kevin E Healy
MATSCI,C211,Fall 2026,1,In-Person Instruction,Frank Wang
MBA,209F,Fall 2026,1,In-Person Instruction,Daniel G Mulhern; Janet M Brady; Rada Y Brooks
MBA,209P,Fall 2026,3,In-Person Instruction,Robert J Shaye; Terrance T Odean
MBA,375,Fall 2026,1,In-Person Instruction Time Conflict Enrollment Allowed,Ganesh Iyer
MBN,10,Fall 2026,1,In-Person Instruction,Ashley M Reaver; Marc Hellerstein; William Joseph Evans
MBN,103,Fall 2026,1,In-Person Instruction,Alessandra Ferrari; Denis V Titov; Hei Sook Sul
MBN,108A,Fall 2026,1,In-Person Instruction,Ashley M Reaver
MBN,170,Fall 2026,1,In-Person Instruction,Joni Nikkanen; Veerle Ef Rottiers
MBN,190,Fall 2026,1,In-Person Instruction,Sona Kang
MBN,198,Fall 2026,3,In-Person Instruction,Ana Paula Arruda; Ashley M Reaver; Karen K Johal
MBN,20,Fall 2026,1,In-Person Instruction,Sarah D Minkow
MBN,208,Fall 2026,1,In-Person Instruction,Ashley M Reaver
MBN,210,Fall 2026,1,In-Person Instruction,Mary Nicole Regina Lesser
MBN,211A,Fall 2026,1,In-Person Instruction,David D Moore
MBN,24,Fall 2026,1,Online,Amy Block Joy
MBN,245,Fall 2026,1,In-Person Instruction,Karen K Johal
MBN,261,Fall 2026,1,In-Person Instruction,Susanne Marie Howard
MBN,290,Fall 2026,1,In-Person Instruction,Gunes Parlakgul
MBN,292,Fall 2026,1,In-Person Instruction,Ana Paula Arruda; Gunes Parlakgul
MBN,293,Fall 2026,1,In-Person Instruction,David D Moore
MBN,298,Fall 2026,11,In-Person Instruction,Mikelle Cg McCoin
MBN,299,Fall 2026,21,In-Person Instruction,Ana Paula Arruda; Anders M Naar; Andreas Stahl; Barry Shane; Dale Leitman; Danica Chen
MBN,302,Fall 2026,1,In-Person Instruction,Susanne Marie Howard
MBN,375,Fall 2026,1,In-Person Instruction,Susanne Marie Howard
MBN,400,Fall 2026,3,In-Person Instruction,Crystal Tsai; Mikelle Cg McCoin
MBN,98,Fall 2026,2,In-Person Instruction,Karen K Johal; Mary Nicole Regina Lesser
MCELLBI,102,Fall 2026,1,In-Person Instruction,Carlos J Bustamante; Daniil M Prigozhin; Mary C Wildermuth
MCELLBI,104,Fall 2026,1,In-Person Instruction,Max Staller; Michael Bruce Eisen; Samantha C Lewis
MCELLBI,110,Fall 2026,1,In-Person Instruction,Evangelina Nogales De La Morena; Kathleen Collins; Nick Ingolia
MCELLBI,120,Fall 2026,1,In-Person Instruction,Daniel K Nomura; Fyodor D Urnov; Roberto Zoncu
MCELLBI,120L,Fall 2026,1,In-Person Instruction,Roberto Zoncu; Ross Wilson
MCELLBI,132,Fall 2026,1,In-Person Instruction,Dirk F Hockemeyer; Kunxin Luo; Lin He
MCELLBI,133L,Fall 2026,1,In-Person Instruction,Ahmad Nabhan; Gloria A Brar; Ian Swinburne
MCELLBI,135A,Fall 2026,1,In-Person Instruction,Gary Lee Firestone
MCELLBI,136,Fall 2026,1,In-Person Instruction,Lorenzo Lones
MCELLBI,140,Fall 2026,1,In-Person Instruction,Craig T Miller; Daniel S Rokhsar; Douglas E Koshland
MCELLBI,143,Fall 2026,1,In-Person Instruction,Dipti D Nayak; Nicole King
MCELLBI,149,Fall 2026,1,In-Person Instruction,Barbara J Meyer; Lin He; Priya G Moorjani
MCELLBI,150,Fall 2026,1,In-Person Instruction,Gregory M Barton; Laurent Coscoy; Sarah A Stanley
MCELLBI,150L,Fall 2026,1,In-Person Instruction,Arash Ng; P Robert Beatty
MCELLBI,153,Fall 2026,1,In-Person Instruction,Andrew Dillin; Michel J DuPage
MCELLBI,180,Fall 2026,1,In-Person Instruction,Lorenzo Lones
MCELLBI,186A,Fall 2026,1,In-Person Instruction,Ellen Annette Lumpkin
MCELLBI,198,Fall 2026,9,In-Person Instruction,Anderson Martin Tran; Emilie Elaine Morales; Hargun Singh Chhabra; Irmak Atilgan; Kartoosh Heydari; Khando Tsering Gyaltsen
MCELLBI,200A,Fall 2026,1,In-Person Instruction,Abby F Dernburg; James K Nunez; Jeffery S Cox; Xavier Darzacq
MCELLBI,200B,Fall 2026,1,In-Person Instruction,Abby F Dernburg; James K Nunez; Jeffery S Cox; Xavier Darzacq
MCELLBI,201B,Fall 2026,1,In-Person Instruction,Nick Ingolia
MCELLBI,227,Fall 2026,1,In-Person Instruction,P Robert Beatty
MCELLBI,275,Fall 2026,1,In-Person Instruction,Julia Schaletzky
MCELLBI,279,Fall 2026,1,In-Person Instruction,
MCELLBI,287,Fall 2026,102,In-Person Instruction,Abby F Dernburg; Ahmad Nabhan; Ahmet Yildiz; Alanna Schepartz; Allon Wagner; Ana Paula Arruda
MCELLBI,290,Fall 2026,6,In-Person Instruction,Anastasios Melis; Carlos J Bustamante; Eunyong Park; Ian Swinburne; James H Hurley; Krishna Niyogi
MCELLBI,291A,Fall 2026,1,In-Person Instruction,
MCELLBI,292,Fall 2026,109,In-Person Instruction,Abby F Dernburg; Ahmad Nabhan; Ahmet Yildiz; Alanna Schepartz; Allon Wagner; Ana Paula Arruda
MCELLBI,293A,Fall 2026,1,In-Person Instruction,
MCELLBI,32,Fall 2026,1,In-Person Instruction,Robin Ball
MCELLBI,32L,Fall 2026,1,In-Person Instruction,Robin Ball
MCELLBI,481B,Fall 2026,1,In-Person Instruction,Danielle M Jorgens
MCELLBI,481C,Fall 2026,1,In-Person Instruction,Danielle M Jorgens
MCELLBI,55,Fall 2026,1,In-Person Instruction,Molly Ohainle; P Robert Beatty
MCELLBI,98,Fall 2026,5,In-Person Instruction,Farah Ali Al Asadi; Irene Chaey; Jace Ensign; Josephine Aerin Cho; LeAnn Hien Van; Wyman Wai Man Chow
MCELLBI,C100A,Fall 2026,1,In-Person Instruction,Bronwyn Ayla Lucas; James H Cate; Susan Marqusee
MCELLBI,C110L,Fall 2026,1,In-Person Instruction,Isabelle Le Blanc
MCELLBI,C112,Fall 2026,1,In-Person Instruction,Kathleen R Ryan
MCELLBI,C112L,Fall 2026,4,In-Person Instruction,Matthew F Traxler
MCELLBI,C175,Fall 2026,1,In-Person Instruction,Andrew Dillin; David Chan
MCELLBI,C205,Fall 2026,1,In-Person Instruction,Gokul Upadhyayula; Na Ji; Robert Eric Betzig
MCELLBI,C242,Fall 2026,1,In-Person Instruction,Peter James Sudmant; Priya G Moorjani
MCELLBI,C260,Fall 2026,1,In-Person Instruction,Helen Bateup; Richard H Kramer
MCELLBI,C96,Fall 2026,1,In-Person Instruction,
MDGRK,100A,Fall 2026,1,In-Person Instruction,Rexhina Ndoci
MDGRK,1A,Fall 2026,1,In-Person Instruction,Rexhina Ndoci
MECENG,100,Fall 2026,1,In-Person Instruction Time Conflict Enrollment Allowed,George Anwar
MECENG,102B,Fall 2026,1,In-Person Instruction,Hannah Stuart
MECENG,103,Fall 2026,1,In-Person Instruction Time Conflict Enrollment Allowed,Hayden Taylor
MECENG,104,Fall 2026,1,In-Person Instruction,Kenneth Norman Kamrin
MECENG,106,Fall 2026,1,In-Person Instruction,Shawn C Shadden
MECENG,108,Fall 2026,1,In-Person Instruction Time Conflict Enrollment Allowed,Robert O Ritchie
MECENG,109,Fall 2026,1,In-Person Instruction Time Conflict Enrollment Allowed,Michael J Gollner
MECENG,119,Fall 2026,1,In-Person Instruction,Liwei Lin
MECENG,132,Fall 2026,1,In-Person Instruction,Negar Mehr
MECENG,136HL,Fall 2026,1,In-Person Instruction,Mark Wilfried Mueller
MECENG,139,Fall 2026,1,In-Person Instruction,Homayoon Kazerooni
MECENG,144,Fall 2026,1,In-Person Instruction,Tarek I Zohdi
MECENG,151A,Fall 2026,1,In-Person Instruction,Costas P. Grigoropoulos
MECENG,163,Fall 2026,1,In-Person Instruction,Arsh Anis Khan; Mohammad-reza Alam
MECENG,165,Fall 2026,1,In-Person Instruction,Simo Aleksi Makiharju
MECENG,185,Fall 2026,1,In-Person Instruction,Panayiotis Papadopoulos
MECENG,193E,Fall 2026,1,In-Person Instruction,Thomas Schutzius
MECENG,198,Fall 2026,2,In-Person Instruction,Grace X. Gu; Tarek I Zohdi
MECENG,199,Fall 2026,1,In-Person Instruction,
MECENG,206A,Fall 2026,1,In-Person Instruction,Jean-Paul Tennant; Roberto Horowitz
MECENG,219,Fall 2026,1,In-Person Instruction,Liwei Lin
MECENG,224A,Fall 2026,1,Online Time Conflict Enrollment Allowed,Lisa Pruitt
MECENG,226,Fall 2026,1,In-Person Instruction,Kyriakos Komvopoulos
MECENG,236HL,Fall 2026,1,In-Person Instruction,Mark Wilfried Mueller
MECENG,236SL,Fall 2026,1,In-Person Instruction,Mark Wilfried Mueller
MECENG,236U,Fall 2026,1,In-Person Instruction Time Conflict Enrollment Allowed,Mark Wilfried Mueller
MECENG,239,Fall 2026,1,In-Person Instruction,Homayoon Kazerooni
MECENG,24,Fall 2026,2,In-Person Instruction,Oliver M O'Reilly; Simo Aleksi Makiharju
MECENG,242,Fall 2026,1,In-Person Instruction Time Conflict Enrollment Allowed,Simo Aleksi Makiharju
MECENG,244,Fall 2026,1,In-Person Instruction,Tarek I Zohdi
MECENG,249,Fall 2026,1,In-Person Instruction,Sungkyu Kim; Van P Carey
MECENG,250A,Fall 2026,1,In-Person Instruction,Costas P. Grigoropoulos
MECENG,263Z,Fall 2026,1,In-Person Instruction,Arsh Anis Khan; Mohammad-reza Alam
MECENG,266,Fall 2026,1,In-Person Instruction,Alexis Kaminski
MECENG,276DS,Fall 2026,1,In-Person Instruction,Gabriel Gomes
MECENG,287,Fall 2026,1,In-Person Instruction,Panayiotis Papadopoulos
MECENG,290G,Fall 2026,1,In-Person Instruction,Vassilia Zorba
MECENG,290L,Fall 2026,1,In-Person Instruction,Lydia L Sohn
MECENG,292E,Fall 2026,1,In-Person Instruction,Thomas Schutzius
MECENG,292I,Fall 2026,1,In-Person Instruction,Thomas Lombaerts
MECENG,298,Fall 2026,52,In-Person Instruction,Alexis Kaminski; Alice M Agogino; Behcet Acikmese; Chris Dames; Claudio Hail; Costas P. Grigoropoulos
MECENG,299,Fall 2026,50,In-Person Instruction,Alexis Kaminski; Alice M Agogino; Behcet Acikmese; Chris Dames; Costas P. Grigoropoulos; David John Steigmann
MECENG,375,Fall 2026,1,In-Person Instruction,Hayden Taylor
MECENG,40,Fall 2026,1,In-Person Instruction,Claudio Hail
MECENG,98,Fall 2026,1,In-Person Instruction,Grace D O'Connell
MECENG,C106A,Fall 2026,1,In-Person Instruction,Jean-Paul Tennant; Roberto Horowitz
MECENG,C136,Fall 2026,1,In-Person Instruction,Mark Wilfried Mueller
MECENG,C136S,Fall 2026,1,In-Person Instruction,Mark Wilfried Mueller
MECENG,C162,Fall 2026,1,In-Person Instruction,Thomas Lombaerts
MECENG,C166,Fall 2026,1,In-Person Instruction,Swati Saxena
MECENG,C178,Fall 2026,1,In-Person Instruction,Blythe Dumerer
MECENG,C231A,Fall 2026,1,In-Person Instruction,Francesco Borrelli
MECENG,C232,Fall 2026,1,In-Person Instruction,Masayoshi Tomizuka
MECENG,C278,Fall 2026,1,In-Person Instruction,Blythe Dumerer
MECENG,C85,Fall 2026,1,In-Person Instruction,Sanjay Govindjee
MEDIAST,10,Fall 2026,1,In-Person Instruction,Josh Jackson
MEDIAST,104E,Fall 2026,1,In-Person Instruction,Rich Jaroslovsky
MEDIAST,111B,Fall 2026,1,In-Person Instruction,Matthew Berry
MEDIAST,112,Fall 2026,1,In-Person Instruction,Ian Kivelin Davis
MEDIAST,113,Fall 2026,1,In-Person Instruction,Kaylee Williams
MEDIAST,114,Fall 2026,1,In-Person Instruction,Ian Kivelin Davis
MEDIAST,180,Fall 2026,1,In-Person Instruction,Josh Jackson
MEDIAST,190,Fall 2026,1,In-Person Instruction,Matthew Berry
MEDIAST,C196B,Fall 2026,1,In-Person Instruction,
MEDIAST,H194,Fall 2026,1,In-Person Instruction,Ian Kivelin Davis
MELC,10,Fall 2026,1,In-Person Instruction,Benjamin Porter
MELC,103,Fall 2026,1,In-Person Instruction,Rita Lucarelli
MELC,134,Fall 2026,2,In-Person Instruction,Yifat Moas
MELC,145,Fall 2026,1,In-Person Instruction,Azza M Ahmad
MELC,148,Fall 2026,1,In-Person Instruction,Hatem Albazian
MELC,150B,Fall 2026,1,In-Person Instruction,Dima Nasser
MELC,156,Fall 2026,1,In-Person Instruction,Adam Benkato
MELC,157,Fall 2026,1,In-Person Instruction,Rama Alhabian
MELC,158AC,Fall 2026,1,In-Person Instruction,Hatem Albazian
MELC,162,Fall 2026,1,In-Person Instruction,Wali Ahmadi
MELC,199,Fall 2026,1,In-Person Instruction,
MELC,223,Fall 2026,1,In-Person Instruction,Benjamin Porter
MELC,290A,Fall 2026,2,In-Person Instruction,Asad Ahmed
MELC,290F,Fall 2026,1,In-Person Instruction,Adam Benkato
MELC,298,Fall 2026,2,In-Person Instruction,Adam Benkato; Asad Ahmed; Duncan E Macrae
MELC,299,Fall 2026,3,In-Person Instruction,Asad Ahmed; Nora Jacobsen Ben Hammed; Rita Lucarelli
MELC,34,Fall 2026,1,In-Person Instruction,Joseph Cross
MELC,39A,Fall 2026,1,In-Person Instruction,Yonatan Binyam
MELC,602,Fall 2026,3,In-Person Instruction,Asad Ahmed; Benjamin Porter; Rita Lucarelli
MELC,C121,Fall 2026,1,In-Person Instruction,Persis Dorothy Berlekamp
MELC,C26,Fall 2026,1,In-Person Instruction,Sanjyot Mehendale
MELC,R1A,Fall 2026,1,In-Person Instruction,Beatrice De Faveri
MELC,R1B,Fall 2026,5,In-Person Instruction,Deanna Kiser-Go; Evan Kirkland Grennon; Jenna Kemp; Rachel Johanna Webberman; Wihad Al-Tawil
MILAFF,1,Fall 2026,2,In-Person Instruction,Maxine Lucas; Samantha Van Vynck; Timothy Helsel
MILAFF,145A,Fall 2026,1,In-Person Instruction,Donovan Matteson
MILAFF,199,Fall 2026,5,In-Person Instruction,Caroline Lorenzini; Jeff Fyffe; Kenneth Packard; Kevin Syzemore; Samantha Van Vynck
MILSCI,1,Fall 2026,2,In-Person Instruction,Timothy Helsel
MILSCI,100,Fall 2026,1,In-Person Instruction,Thompson Manuszak
MILSCI,131,Fall 2026,1,In-Person Instruction,Timothy Helsel
MILSCI,141,Fall 2026,1,In-Person Instruction,Alexander Bedard
MILSCI,2,Fall 2026,1,In-Person Instruction,Caroline Lorenzini
MONGOLN,110A,Fall 2026,1,In-Person Instruction,Brian Baumann
MONGOLN,298,Fall 2026,1,In-Person Instruction,Brian Baumann
MONGOLN,C117,Fall 2026,1,In-Person Instruction,Brian Baumann
MPS,375,Fall 2026,2,In-Person Instruction,Austin J Hedeman
MUSIC,108,Fall 2026,1,In-Person Instruction,Jeremy L Wagner
MUSIC,116,Fall 2026,1,In-Person Instruction,Ben Goldberg
MUSIC,128,Fall 2026,3,In-Person Instruction,Andrei Pohorelsky; Carmine Emanuele Cella; Christine Palmer; David Miller; Mary Ann Smart
MUSIC,139,Fall 2026,1,In-Person Instruction,Ana Maria Ochoa
MUSIC,14,Fall 2026,1,In-Person Instruction,Deborah Jackson
MUSIC,140,Fall 2026,3,In-Person Instruction,Midiyanto Midiyanto
MUSIC,141,Fall 2026,1,In-Person Instruction,David Milnes; Gene Chang
MUSIC,141A,Fall 2026,1,In-Person Instruction,
MUSIC,142,Fall 2026,1,In-Person Instruction Time Conflict Enrollment Allowed,Matt Sadowski
MUSIC,143,Fall 2026,1,In-Person Instruction,Candace Y Johnson
MUSIC,144,Fall 2026,1,In-Person Instruction,Wei Cheng
MUSIC,145,Fall 2026,1,In-Person Instruction Time Conflict Enrollment Allowed,Wei Cheng
MUSIC,146B,Fall 2026,1,In-Person Instruction,Lisa R Gold
MUSIC,147A,Fall 2026,1,In-Person Instruction,Saul Sierra-Alonso
MUSIC,148,Fall 2026,1,In-Person Instruction,Cornelius K Ladzekpo
MUSIC,149,Fall 2026,1,In-Person Instruction Time Conflict Enrollment Allowed,David Miller
MUSIC,150,Fall 2026,1,In-Person Instruction,Robert Yamasato
MUSIC,151A,Fall 2026,1,In-Person Instruction,David Pereira
MUSIC,151B,Fall 2026,1,In-Person Instruction,David Pereira
MUSIC,151C,Fall 2026,1,In-Person Instruction,David Pereira
MUSIC,154A,Fall 2026,1,In-Person Instruction,Robert Yamasato
MUSIC,155,Fall 2026,1,In-Person Instruction,Mu-Xuan Lin
MUSIC,157A,Fall 2026,1,In-Person Instruction,Jean Ahn
MUSIC,158A,Fall 2026,1,In-Person Instruction,Edmund J Campion
MUSIC,165,Fall 2026,1,In-Person Instruction Time Conflict Enrollment Allowed,Myra J Melford
MUSIC,167A,Fall 2026,1,In-Person Instruction Time Conflict Enrollment Allowed,
MUSIC,167B,Fall 2026,1,In-Person Instruction Time Conflict Enrollment Allowed,
MUSIC,167H,Fall 2026,1,In-Person Instruction Time Conflict Enrollment Allowed,
MUSIC,167I,Fall 2026,1,In-Person Instruction Time Conflict Enrollment Allowed,
MUSIC,168A,Fall 2026,1,In-Person Instruction Time Conflict Enrollment Allowed,
MUSIC,168AS,Fall 2026,1,In-Person Instruction,Juliana Gaona Villamizar; Leighton Fong
MUSIC,168B,Fall 2026,1,In-Person Instruction Time Conflict Enrollment Allowed,
MUSIC,168C,Fall 2026,1,In-Person Instruction,
MUSIC,168CS,Fall 2026,1,In-Person Instruction,Jacqueline Chew; Jeffrey R Sykes
MUSIC,168D,Fall 2026,1,In-Person Instruction,
MUSIC,168E,Fall 2026,1,In-Person Instruction Time Conflict Enrollment Allowed,
MUSIC,168F,Fall 2026,1,In-Person Instruction,Jennifer Liu; Wei Cheng
MUSIC,168G,Fall 2026,1,In-Person Instruction Time Conflict Enrollment Allowed,
MUSIC,168H,Fall 2026,1,In-Person Instruction Time Conflict Enrollment Allowed,
MUSIC,168I,Fall 2026,1,In-Person Instruction Time Conflict Enrollment Allowed,
MUSIC,170,Fall 2026,1,In-Person Instruction,Edmund Mendelssohn
MUSIC,170A,Fall 2026,2,In-Person Instruction,James Davies; Nicholas Mathew
MUSIC,172,Fall 2026,1,In-Person Instruction,Martin A Perna
MUSIC,195,Fall 2026,1,In-Person Instruction,
MUSIC,198,Fall 2026,6,In-Person Instruction,Adaan R Ramirez; Andrew Hiranprasitikul; Claire Chiow; Nick Choy; Nolan James Zils; Stephanie Zavala-Lemarroy
MUSIC,198BC,Fall 2026,1,In-Person Instruction,
MUSIC,199,Fall 2026,1,In-Person Instruction,Carmine Emanuele Cella
MUSIC,20,Fall 2026,2,In-Person Instruction,Aine Eva Nakamura; Juliana Gaona Villamizar
MUSIC,200B,Fall 2026,1,In-Person Instruction,Emily Zazulia
MUSIC,200C,Fall 2026,1,In-Person Instruction,Christopher Robert Batterman Cháirez
MUSIC,202,Fall 2026,1,In-Person Instruction,Mu-Xuan Lin
MUSIC,203,Fall 2026,1,In-Person Instruction,Carmine Emanuele Cella
MUSIC,208A,Fall 2026,1,In-Person Instruction,Jeremy L Wagner
MUSIC,220,Fall 2026,1,In-Person Instruction,Lester Hu
MUSIC,25,Fall 2026,2,In-Person Instruction,Juliana Gaona Villamizar; Robert Yamasato
MUSIC,258A,Fall 2026,1,In-Person Instruction,
MUSIC,290,Fall 2026,1,In-Person Instruction,Carmine Emanuele Cella
MUSIC,296,Fall 2026,11,In-Person Instruction,Carmine Emanuele Cella; Edmund J Campion; Emily Zazulia; James Davies; Ken Ueno; Lester Hu
MUSIC,299,Fall 2026,16,In-Person Instruction,Ana Maria Ochoa; Carmine Emanuele Cella; Christopher Robert Batterman Cháirez; David Milnes; Edmund J Campion; Emily Zazulia
MUSIC,300,Fall 2026,1,In-Person Instruction,David Miller
MUSIC,32,Fall 2026,1,In-Person Instruction,Matthew Taylor
MUSIC,40,Fall 2026,1,In-Person Instruction,Simone Browne
MUSIC,41A,Fall 2026,1,In-Person Instruction,Simone Browne
MUSIC,41B,Fall 2026,1,In-Person Instruction,Simone Browne
MUSIC,42,Fall 2026,1,In-Person Instruction,Simone Browne
MUSIC,44,Fall 2026,2,In-Person Instruction,Nikolas S P Nackley
MUSIC,45M,Fall 2026,1,In-Person Instruction Time Conflict Enrollment Allowed,Jacqueline Chew
MUSIC,48,Fall 2026,2,In-Person Instruction,Melanie M Acosta
MUSIC,601,Fall 2026,10,In-Person Instruction,Ana Maria Ochoa; Carmine Emanuele Cella; Christopher Robert Batterman Cháirez; Edmund J Campion; Juan David Rubio Restrepo; Ken Ueno
MUSIC,602,Fall 2026,15,In-Person Instruction,Ana Maria Ochoa; Carmine Emanuele Cella; Christopher Robert Batterman Cháirez; Edmund J Campion; Emily Zazulia; James Davies
MUSIC,70,Fall 2026,1,In-Person Instruction,Nicholas Mathew
MUSIC,80,Fall 2026,1,In-Person Instruction,Christopher Robert Batterman Cháirez
MUSIC,98BC,Fall 2026,1,In-Person Instruction,Matthew Taylor
MUSIC,H195,Fall 2026,1,In-Person Instruction,
MUSIC,R1B,Fall 2026,3,In-Person Instruction,Emily Louise Jones; Mara Lane; Rubina Hovhannisyan
NATAMST,110,Fall 2026,1,In-Person Instruction,John J Dougherty
NATAMST,145,Fall 2026,1,In-Person Instruction,Enrique E Lima
NATAMST,178,Fall 2026,1,In-Person Instruction,John J Dougherty
NATAMST,179,Fall 2026,1,In-Person Instruction,John J Dougherty
NATAMST,190,Fall 2026,2,In-Person Instruction,Brandi Bushman; Enrique E Lima
NATAMST,20A,Fall 2026,1,In-Person Instruction,Ikaika Ramones
NATAMST,C152,Fall 2026,1,In-Person Instruction,Enrique E Lima
NATAMST,R1A,Fall 2026,1,In-Person Instruction,
NATRES,76,Fall 2026,1,In-Person Instruction,Kathleen R Ryan
NAVSCI,1,Fall 2026,1,In-Person Instruction,Kenneth Packard
NAVSCI,12B,Fall 2026,1,In-Person Instruction,Jermaine Wells; P.J. James Greenbaum
NAVSCI,3,Fall 2026,1,In-Person Instruction,Cruz Ashe
NAVSCI,400C,Fall 2026,1,In-Person Instruction,Jermaine Wells; P.J. James Greenbaum
NAVSCI,401,Fall 2026,1,In-Person Instruction,P.J. James Greenbaum
NEU,100A,Fall 2026,1,In-Person Instruction,Andrea M Gomez; Ehud Isacoff; Richard H Kramer
NEU,110,Fall 2026,2,In-Person Instruction,Marla B Feller; Maura McDonagh
NEU,151,Fall 2026,1,In-Person Instruction,Joni Wallis; Michael R DeWeese
NEU,164,Fall 2026,1,In-Person Instruction,Helen Bateup; Marla B Feller
NEU,171L,Fall 2026,1,In-Person Instruction,Robin Ball; Stephen G Brohawn; Yvette Fisher
NEU,172L,Fall 2026,1,In-Person Instruction,Frederic E Theunissen; Michael Andrew Silver
NEU,198,Fall 2026,1,In-Person Instruction,Hazel Rickey Himelstein; Robin Faith Hadveck
NEU,210A,Fall 2026,1,In-Person Instruction,Marla B Feller
NEU,290,Fall 2026,3,In-Person Instruction,Bruno A. Olshausen; Jack L Gallant; Jacob Lachenmyer Yates; Liberty Hamilton; Michael R DeWeese
NEU,291A,Fall 2026,1,In-Person Instruction,Marla B Feller
NEU,292,Fall 2026,54,In-Person Instruction,Alexander Huth; Amitai Shenhav; Andrea M Gomez; Andrew Dillin; Annaliese Beery; Anne Ge Collins
NEU,295,Fall 2026,54,In-Person Instruction,Alexander Huth; Amitai Shenhav; Andrea M Gomez; Andrew Dillin; Annaliese Beery; Anne Ge Collins
NEU,77,Fall 2026,1,In-Person Instruction,Daniel E Feldman
NEU,98,Fall 2026,1,In-Person Instruction,Arushi Reddy Neravetla
NEU,C166,Fall 2026,1,In-Person Instruction,Daniela Kaufer
NEU,C231,Fall 2026,1,In-Person Instruction,Alexander Huth
NEU,C260,Fall 2026,1,In-Person Instruction,Helen Bateup; Richard H Kramer
NEU,C272,Fall 2026,1,In-Person Instruction,Gokul Upadhyayula; Na Ji; Robert Eric Betzig
NEU,C61,Fall 2026,1,In-Person Instruction,Tara Raam
NORWEGN,1A,Fall 2026,1,In-Person Instruction,Lotta Linnea Weckstrom
NSE,298,Fall 2026,1,In-Person Instruction,
NUCENG,10,Fall 2026,1,In-Person Instruction,Massimiliano Fratoni
NUCENG,100,Fall 2026,1,In-Person Instruction,Guanyu Su
NUCENG,101,Fall 2026,1,In-Person Instruction,Karl A Van Bibber
NUCENG,120,Fall 2026,1,In-Person Instruction,Peter Hosemann
NUCENG,124,Fall 2026,1,In-Person Instruction,Rebecca Julie Abergel
NUCENG,156,Fall 2026,1,In-Person Instruction,Daniel Siefman
NUCENG,161,Fall 2026,1,In-Person Instruction,Guanyu Su
NUCENG,175,Fall 2026,1,In-Person Instruction,Per Peterson
NUCENG,198,Fall 2026,17,In-Person Instruction,
NUCENG,199,Fall 2026,19,In-Person Instruction,Bethany Goldblum; Carl Bernhardt Schroeder; Daniel M Kammen; Daniel Siefman; Edward C Morse; Ellie Tubman
NUCENG,200M,Fall 2026,1,In-Person Instruction,Guanyu Su
NUCENG,207,Fall 2026,1,In-Person Instruction,Youngho Seo
NUCENG,210M,Fall 2026,1,In-Person Instruction,Karl A Van Bibber
NUCENG,220M,Fall 2026,1,In-Person Instruction,Peter Hosemann
NUCENG,24,Fall 2026,2,In-Person Instruction,Karl A Van Bibber; Peter Hosemann
NUCENG,256M,Fall 2026,1,In-Person Instruction Time Conflict Enrollment Allowed,Daniel Siefman
NUCENG,261M,Fall 2026,1,In-Person Instruction,Guanyu Su
NUCENG,270,Fall 2026,1,In-Person Instruction,Massimiliano Fratoni
NUCENG,275,Fall 2026,1,In-Person Instruction,Per Peterson
NUCENG,290C,Fall 2026,1,In-Person Instruction,Raluca Scarlat
NUCENG,295,Fall 2026,1,In-Person Instruction,Massimiliano Fratoni
NUCENG,298,Fall 2026,16,In-Person Instruction; In-Person Instruction Time Conflict Enrollment Allowed,Bethany Goldblum; Carl Bernhardt Schroeder; Daniel M Kammen; Daniel Siefman; Guanyu Su; Igor Jovanovic
NUCENG,299,Fall 2026,17,In-Person Instruction,Bethany Goldblum; Carl Bernhardt Schroeder; Daniel Siefman; Edward C Morse; Ellie Tubman; Guanyu Su
NUCENG,C180,Fall 2026,1,In-Person Instruction,Ellie Tubman
NUCENG,C231,Fall 2026,1,In-Person Instruction,Steven Conolly
NUCENG,H194,Fall 2026,17,In-Person Instruction,Bethany Goldblum; Carl Bernhardt Schroeder; Daniel M Kammen; Daniel Siefman; Ellie Tubman; Guanyu Su
NWMEDIA,201,Fall 2026,1,In-Person Instruction,Asma Kazmi
NWMEDIA,C262,Fall 2026,1,In-Person Instruction,Kimiko Ryokai
OPTOM,200E,Fall 2026,1,In-Person Instruction,Angela Veomett Shahbazian; Brian Steinmann; Kuniyoshi Kanai; Meredith Margaret Whiteside
OPTOM,203A,Fall 2026,1,In-Person Instruction,Daniel Marc Harvitt; Elise N Harb
OPTOM,205,Fall 2026,1,In-Person Instruction,Jacob Lachenmyer Yates; Susana Chung
OPTOM,206A,Fall 2026,1,In-Person Instruction,Kerri Kimi Yoshiyama; Lu Chen; Meng C Lin; Suzanne Fleiszig; Xiaohua Gong
OPTOM,206D,Fall 2026,1,In-Person Instruction,John Gerard Flannery; Michael Andrew Silver; William Rowland Taylor
OPTOM,215,Fall 2026,1,In-Person Instruction,Sarah Elizabeth Singh; Yasmin Javed
OPTOM,271A,Fall 2026,1,Online,Lillian Wang
OPTOM,292A,Fall 2026,1,In-Person Instruction,
OPTOM,298A,Fall 2026,2,In-Person Instruction,
OPTOM,499,Fall 2026,3,In-Person Instruction,Anne Mika Moy; Cheyenne Chinea; Jacob Lachenmyer Yates; Jeffrey Joseph Kong; Katherine A Lai; Lillian Wang
OPTOM,98,Fall 2026,1,In-Person Instruction,
PBHLTH,101,Fall 2026,1,Online,Lauren Anne van der Walt; Marlon Maus
PBHLTH,104,Fall 2026,1,Online Time Conflict Enrollment Allowed,Ronald E Dahl
PBHLTH,116,Fall 2026,1,Online,Darlene D Francis
PBHLTH,142,Fall 2026,1,In-Person Instruction,Xiudi Li
PBHLTH,142W,Fall 2026,1,Online,Avery Hastings Richards; Emily Jean Place
PBHLTH,150B,Fall 2026,1,In-Person Instruction,Ajay Pillarisetti; David J.X. Gonzalez
PBHLTH,150D,Fall 2026,1,In-Person Instruction,Robin L Flagg
PBHLTH,155A,Fall 2026,1,In-Person Instruction,Mahader Tamene
PBHLTH,155D,Fall 2026,1,In-Person Instruction,Lucinda Bazile
PBHLTH,162A,Fall 2026,1,In-Person Instruction,Daniil M Prigozhin; Eva Harris; Fenyong Liu
PBHLTH,181,Fall 2026,1,In-Person Instruction,Ndola Prata
PBHLTH,182,Fall 2026,1,In-Person Instruction,Robin Mills; Shrida Pandey
PBHLTH,198,Fall 2026,18,In-Person Instruction,David J.X. Gonzalez; Eva Harris; Grace Brown; Kyle Lee Loth; Leyna Catherine Jaster; Michael C Lu
PBHLTH,200FW,Fall 2026,1,Online,Amod Kumar Pokhrel; Mahfuza Islam
PBHLTH,200GW,Fall 2026,1,Online,Evan Vandommelen-Gonzalez
PBHLTH,200J,Fall 2026,1,Online,Stefano M Bertozzi
PBHLTH,200L,Fall 2026,1,Online,Mark D Fleming
PBHLTH,202G,Fall 2026,1,In-Person Instruction,Priscilla Martinez-Matyszczyk
PBHLTH,202L,Fall 2026,1,In-Person Instruction,Osagie K Obasogie
PBHLTH,203A,Fall 2026,1,In-Person Instruction,Mark D Fleming; Mienah Zulfacar Sharif
PBHLTH,204A,Fall 2026,1,In-Person Instruction,Lori Elizabeth Dorfman
PBHLTH,204G,Fall 2026,1,In-Person Instruction,Denise A Herd
PBHLTH,206,Fall 2026,1,In-Person Instruction,Isabel Madzorera
PBHLTH,206BW,Fall 2026,1,Online,Elsa Michelle Esparza
PBHLTH,207,Fall 2026,1,In-Person Instruction,Kristine Ann Madsen
PBHLTH,207A,Fall 2026,1,In-Person Instruction,Lia Haskin Fernald
PBHLTH,207AW,Fall 2026,1,Online,Annalise M Traub; Sarah Zyba
PBHLTH,209B,Fall 2026,1,In-Person Instruction,Brittany Danielle Sartor; Isabel Madzorera; Miyoko Schinner
PBHLTH,210,Fall 2026,1,In-Person Instruction,Julie Ann Grassian
PBHLTH,210E,Fall 2026,1,In-Person Instruction,Carly Elizabeth Strouse
PBHLTH,210J,Fall 2026,1,In-Person Instruction,Cassondra J Marshall
PBHLTH,210L,Fall 2026,1,In-Person Instruction,Ndola Prata
PBHLTH,210W,Fall 2026,1,Online,Cassondra J Marshall
PBHLTH,211,Fall 2026,1,In-Person Instruction,Eric Stover; Rohini Haar
PBHLTH,212A,Fall 2026,1,In-Person Instruction,Ndola Prata
PBHLTH,212W,Fall 2026,1,Online,Arthur Lawrence Reingold; Brigid Ellen Cakouros; Hildy F Baker
PBHLTH,213W,Fall 2026,1,Online,Rebecca Jane DeBoer; Rohini Haar
PBHLTH,218B,Fall 2026,1,In-Person Instruction,Mara Decker; Sabrina Christine Boyce
PBHLTH,220DW,Fall 2026,1,Online,Anna Maureen Johnson; Anthony B Iton; Irina Titova Lopatin
PBHLTH,220E,Fall 2026,1,In-Person Instruction,Stefano M Bertozzi
PBHLTH,223A,Fall 2026,1,In-Person Instruction Time Conflict Enrollment Allowed,Sheila Sabahat Baxter-Lamb
PBHLTH,223D,Fall 2026,1,In-Person Instruction,Amanda L Brewster
PBHLTH,224A,Fall 2026,1,In-Person Instruction,Hector P Rodriguez
PBHLTH,224W,Fall 2026,1,Online,Hector P Rodriguez
PBHLTH,226A,Fall 2026,1,In-Person Instruction,James C Robinson
PBHLTH,226AW,Fall 2026,1,Online,Brent Fulton
PBHLTH,237C,Fall 2026,1,In-Person Instruction,Jenny Guadamuz
PBHLTH,237D,Fall 2026,1,In-Person Instruction,Jenny Guadamuz
PBHLTH,237F,Fall 2026,1,In-Person Instruction,Timothy Tyler Brown
PBHLTH,24,Fall 2026,1,In-Person Instruction,James C Robinson
PBHLTH,240,Fall 2026,1,In-Person Instruction,Xiudi Li
PBHLTH,243A,Fall 2026,1,In-Person Instruction,Mark van der Laan
PBHLTH,245,Fall 2026,1,In-Person Instruction,Lexin Li
PBHLTH,246,Fall 2026,1,In-Person Instruction,Alejandro Schuler
PBHLTH,249,Fall 2026,1,In-Person Instruction,Jana A. Hirsch
PBHLTH,250A,Fall 2026,1,In-Person Instruction,Lia Scott
PBHLTH,250BW,Fall 2026,1,Online,Andrew N Mertens
PBHLTH,250W,Fall 2026,1,Online,Lesley S. Park
PBHLTH,251BW,Fall 2026,1,Online,Adrienne J Mocello
PBHLTH,251W,Fall 2026,1,Online,Lauren N Nelson; William Hampton Wheeler
PBHLTH,252,Fall 2026,1,In-Person Instruction,Patrick Bradshaw
PBHLTH,252B,Fall 2026,1,In-Person Instruction,John Macky Marshall
PBHLTH,252D,Fall 2026,1,Online,Laura Balzer
PBHLTH,252W,Fall 2026,1,Online,Kevin Chen; Sally Picciotto
PBHLTH,253W,Fall 2026,1,Online,Nancy Ortiz
PBHLTH,254,Fall 2026,1,In-Person Instruction,
PBHLTH,255D,Fall 2026,1,In-Person Instruction,Corinne A Riddell
PBHLTH,257,Fall 2026,1,In-Person Instruction,Arthur Lawrence Reingold
PBHLTH,257W,Fall 2026,1,Online,Eric Neil Gebbie; Michelle Lee Larson
PBHLTH,260A,Fall 2026,1,In-Person Instruction,Amy B Garlin; Filipa Rijo Ferreira
PBHLTH,263,Fall 2026,1,In-Person Instruction,Amy B Garlin; Stephen John Popper
PBHLTH,264,Fall 2026,1,In-Person Instruction,Fenyong Liu
PBHLTH,269D,Fall 2026,1,In-Person Instruction,Carisa Harris
PBHLTH,269E,Fall 2026,1,In-Person Instruction,James P Seward; Sheiphali Gandhi
PBHLTH,270,Fall 2026,1,In-Person Instruction,Rosemarie De La Rosa
PBHLTH,270A,Fall 2026,1,In-Person Instruction,Laura Layla Kwong
PBHLTH,270B,Fall 2026,1,In-Person Instruction,Rosemarie De La Rosa
PBHLTH,271H,Fall 2026,1,In-Person Instruction,Meg R Schwarzman
PBHLTH,271J,Fall 2026,1,In-Person Instruction,Suzanne P Teran
PBHLTH,273,Fall 2026,1,In-Person Instruction,Laura Layla Kwong
PBHLTH,275,Fall 2026,1,In-Person Instruction,Larry G Vitale
PBHLTH,278,Fall 2026,1,In-Person Instruction,Robin L Flagg
PBHLTH,290,Fall 2026,6,In-Person Instruction,David J.X. Gonzalez; Jenny Guadamuz; Jingshen Wang; Lia Haskin Fernald; Lia Scott; Sean Darling-Hammond
PBHLTH,290C,Fall 2026,2,In-Person Instruction,Lise Saffran
PBHLTH,291,Fall 2026,2,In-Person Instruction; Online,Alex Budak
PBHLTH,291C,Fall 2026,1,In-Person Instruction,Jennifer Alice Lachance
PBHLTH,292,Fall 2026,6,In-Person Instruction,Anke Hemmerling; Ann C Keller; Arthur Lawrence Reingold; Laura Layla Kwong; Lesley S. Park; Sadie Cash Costello
PBHLTH,293,Fall 2026,9,In-Person Instruction; In-Person Instruction Time Conflict Enrollment Allowed,Ayesha S Mahmud; Cara Elisabeth Brook; Carly Elizabeth Strouse; Charles Frederick Whittaker; Filipa Rijo Ferreira; Jennifer Alice Lachance
PBHLTH,298,Fall 2026,4,In-Person Instruction,Amanda L Brewster; Carisa Harris; Elsa Michelle Esparza; Grace Brown; Michael C Lu
PBHLTH,375A,Fall 2026,2,In-Person Instruction; Online,Jennifer Alice Lachance; Jylana L Sheats
PBHLTH,4,Fall 2026,1,Online Time Conflict Enrollment Allowed,Ronald E Dahl
PBHLTH,C233,Fall 2026,1,In-Person Instruction,Jason Corburn
PBHLTH,C240B,Fall 2026,1,In-Person Instruction,Mark van der Laan
PERSIAN,100A,Fall 2026,1,In-Person Instruction,Gholam-Reza Ghahramani
PERSIAN,102A,Fall 2026,1,In-Person Instruction,Wali Ahmadi
PERSIAN,1A,Fall 2026,1,In-Person Instruction,Gholam-Reza Ghahramani
PERSIAN,20A,Fall 2026,1,In-Person Instruction,Gholam-Reza Ghahramani
PHDBA,219S,Fall 2026,1,In-Person Instruction,Sydnee C Caldwell
PHDBA,229A,Fall 2026,1,In-Person Instruction,Biwen Zhang
PHDBA,229S,Fall 2026,1,In-Person Instruction,Valerie Zhang
PHDBA,239FA,Fall 2026,1,In-Person Instruction,Johan Walden
PHDBA,239FB,Fall 2026,1,In-Person Instruction,Dmitry Livdan
PHDBA,239S,Fall 2026,1,In-Person Instruction,Eben Lazarus; Rohan Kekre
PHDBA,259A,Fall 2026,1,In-Person Instruction,Drew Jacoby-Senghor
PHDBA,259C,Fall 2026,1,In-Person Instruction,Abhishek Nagaraj; Ambar La Forgia; Aruna Ranganathan; Mathijs De Vaan; Sameer B Srivastava; Solene Delecourt
PHDBA,259S,Fall 2026,1,In-Person Instruction,Ambar La Forgia; Erica Bailey
PHDBA,269C,Fall 2026,1,In-Person Instruction,Joao Miguel Villas-Boas
PHDBA,269S,Fall 2026,1,In-Person Instruction Time Conflict Enrollment Allowed,Celia Gaertig; Olivia Natan
PHDBA,279PD,Fall 2026,1,In-Person Instruction,Ernesto Dal Bo; Guo Xu
PHDBA,279S,Fall 2026,1,In-Person Instruction,Jonathan L Weigel
PHDBA,289A,Fall 2026,1,In-Person Instruction,Antoine Levy; Laura Weiwu; Olivia Bordeu
PHDBA,289S,Fall 2026,1,In-Person Instruction,Amir Kermani
PHDBA,297T,Fall 2026,2,In-Person Instruction; Online,Benjamin R Handel; Jonathan Kolstad; Lee Fleming; Matthew Ryan Backus
PHDBA,C270,Fall 2026,1,In-Person Instruction,Jonathan L Weigel
PHILOS,100,Fall 2026,1,In-Person Instruction,Shamik Dasgupta
PHILOS,107,Fall 2026,1,In-Person Instruction,Olivia Bailey
PHILOS,115,Fall 2026,1,In-Person Instruction,Daniel Viehoff
PHILOS,12A,Fall 2026,1,In-Person Instruction,Xueyin Zhang
PHILOS,135,Fall 2026,1,In-Person Instruction,John Joseph Campbell
PHILOS,136,Fall 2026,1,In-Person Instruction,Alva Noe
PHILOS,146,Fall 2026,1,In-Person Instruction,Paolo Mancosu
PHILOS,153,Fall 2026,1,In-Person Instruction,Kwong-loi Shun
PHILOS,160,Fall 2026,1,In-Person Instruction,Lea Schroeder
PHILOS,170,Fall 2026,1,In-Person Instruction,Timothy D Crockett
PHILOS,187,Fall 2026,1,In-Person Instruction,Andreja Novakovic
PHILOS,190,Fall 2026,2,In-Person Instruction,David Riesbeck; Katharina U Kaiser
PHILOS,198,Fall 2026,1,In-Person Instruction,Wesley H Holliday
PHILOS,198BC,Fall 2026,2,In-Person Instruction,Geoffrey Lee
PHILOS,2,Fall 2026,1,In-Person Instruction,R. Jay Wallace
PHILOS,200,Fall 2026,1,In-Person Instruction,Johann David Anand Frick; John G Macfarlane
PHILOS,25A,Fall 2026,1,In-Person Instruction,David Riesbeck
PHILOS,290,Fall 2026,5,In-Person Instruction,Ezra Rubenstein; Joshua Cohen; Nicholas G Kolodny; Olivia Bailey; Veronica Gomez Sanchez; Wesley H Holliday
PHILOS,295,Fall 2026,1,In-Person Instruction,Shamik Dasgupta
PHILOS,299,Fall 2026,4,In-Person Instruction,
PHILOS,3,Fall 2026,1,In-Person Instruction,John Joseph Campbell
PHILOS,375,Fall 2026,1,In-Person Instruction,Alva Noe
PHILOS,7,Fall 2026,1,In-Person Instruction,Andreja Novakovic
PHILOS,R1B,Fall 2026,2,In-Person Instruction,Timothy D Crockett
PHYSED,1,Fall 2026,60,In-Person Instruction; In-Person Instruction Time Conflict Enrollment Allowed; Online Asynchronous Instruction Time Conflict Enrollment Allowed,Dini K Wong; Jason Emanuel Britton; Kendra Kimbrough Kimbrough Barnes; Kyungmi Yoo; Matt Denham; Russell Changseob Ahn
PHYSED,121,Fall 2026,1,In-Person Instruction,Lon H Rork
PHYSED,177,Fall 2026,1,Online Asynchronous Instruction,Lon H Rork; Steven Ross Murray
PHYSED,197,Fall 2026,2,In-Person Instruction,Steven Ross Murray
PHYSED,2,Fall 2026,13,In-Person Instruction,Dini K Wong; Kyungmi Yoo; Matt Denham; Russell Changseob Ahn; Thea van Warmerdam Patterson; Toni Mar
PHYSED,3,Fall 2026,9,In-Person Instruction; In-Person Instruction Time Conflict Enrollment Allowed,Lon H Rork; Matt Denham; Thea van Warmerdam Patterson; Toni Mar; William Justin Caraway
PHYSED,32,Fall 2026,1,Online Asynchronous Instruction Time Conflict Enrollment Allowed,Lon H Rork; Steven Ross Murray
PHYSED,4,Fall 2026,4,In-Person Instruction,Matt Denham; Thea van Warmerdam Patterson; William Justin Caraway
PHYSED,5,Fall 2026,1,In-Person Instruction,William Justin Caraway
PHYSICS,10,Fall 2026,1,In-Person Instruction,Aziza Suleymanzade
PHYSICS,105,Fall 2026,2,In-Person Instruction,Andrew Charman; Swapan Chattopadhyay
PHYSICS,110A,Fall 2026,2,In-Person Instruction,Chien-I Chiang; Michael Crommie
PHYSICS,111A,Fall 2026,2,In-Person Instruction Time Conflict Enrollment Allowed,Chiara Pancaldo Salemi; Matt Pyle
PHYSICS,111B,Fall 2026,2,In-Person Instruction; In-Person Instruction Time Conflict Enrollment Allowed,Heather M Gray; Yury Kolomensky
PHYSICS,112,Fall 2026,2,In-Person Instruction,Andrew Charman; Barbara V Jacak
PHYSICS,129,Fall 2026,1,In-Person Instruction,Haichen Wang
PHYSICS,137A,Fall 2026,2,In-Person Instruction,Achilles D Speliotopoulos; Zi Qiang Qiu
PHYSICS,137B,Fall 2026,2,In-Person Instruction,Chien-I Chiang; Daniel Mckinsey
PHYSICS,141A,Fall 2026,1,In-Person Instruction,Joel E Moore
PHYSICS,151,Fall 2026,1,In-Person Instruction,Hitoshi Murayama
PHYSICS,153,Fall 2026,1,In-Person Instruction,Haichen Wang
PHYSICS,198,Fall 2026,2,In-Person Instruction,Holger Mueller; Michael R DeWeese
PHYSICS,209,Fall 2026,1,In-Person Instruction,Martin White
PHYSICS,212,Fall 2026,1,In-Person Instruction,Ehud Altman
PHYSICS,221A,Fall 2026,1,In-Person Instruction,Irfan Siddiqi
PHYSICS,232A,Fall 2026,1,In-Person Instruction,Raphael Bousso
PHYSICS,234A,Fall 2026,1,In-Person Instruction,Yasunori Nomura
PHYSICS,24,Fall 2026,2,In-Person Instruction,Heather M Gray; Steven M Kahn
PHYSICS,240A,Fall 2026,1,In-Person Instruction,Dunghai Lee
PHYSICS,251,Fall 2026,1,In-Person Instruction,Holger Mueller; Luca Iliesiu
PHYSICS,290B,Fall 2026,1,In-Person Instruction,Stuart D Bale
PHYSICS,290E,Fall 2026,1,In-Person Instruction,Heather M Gray; Marjorie D Shapiro
PHYSICS,290F,Fall 2026,1,In-Person Instruction,Hartmut Haeffner
PHYSICS,290K,Fall 2026,1,In-Person Instruction,Frances Hellman
PHYSICS,290P,Fall 2026,2,In-Person Instruction,Lawrence J Hall; Raphael Bousso
PHYSICS,290S,Fall 2026,1,In-Person Instruction,Ehud Altman
PHYSICS,290Z,Fall 2026,3,In-Person Instruction,Hitoshi Murayama; Mina Aganagic; Raphael Bousso; Yasunori Nomura
PHYSICS,295,Fall 2026,1,In-Person Instruction,Raphael Bousso
PHYSICS,299,Fall 2026,79,In-Person Instruction,Adrian T Lee; Ahmet Yildiz; Alessandra Lanzara; Alex K Zettl; Alp Sipahigil; Aziza Suleymanzade
PHYSICS,301,Fall 2026,1,In-Person Instruction,
PHYSICS,5A,Fall 2026,1,In-Person Instruction,Michael P Zaletel
PHYSICS,5B,Fall 2026,1,In-Person Instruction,Ronnie Spitzer
PHYSICS,5BL,Fall 2026,3,In-Person Instruction,Caroline Silva Rocha Costa; Nathan D Lowhorn
PHYSICS,5C,Fall 2026,1,In-Person Instruction,Feng Wang
PHYSICS,5CL,Fall 2026,4,In-Person Instruction,Daniel Barsky; Sean Wu; William J Golightly
PHYSICS,77,Fall 2026,1,In-Person Instruction,Markus Hohle
PHYSICS,7A,Fall 2026,2,In-Person Instruction,Ramamoorthy Ramesh; William J Golightly
PHYSICS,7B,Fall 2026,2,In-Person Instruction,Achilles D Speliotopoulos; Alessandra Lanzara
PHYSICS,7C,Fall 2026,1,In-Person Instruction,Catherine Bordel
PHYSICS,88,Fall 2026,1,In-Person Instruction,Markus Hohle
PHYSICS,89,Fall 2026,1,In-Person Instruction,Ronnie Spitzer
PHYSICS,8A,Fall 2026,2,In-Person Instruction,Na Ji; Nathan D Lowhorn
PHYSICS,8B,Fall 2026,2,In-Person Instruction,Catherine Bordel; Daniel Barsky
PHYSICS,98,Fall 2026,2,In-Person Instruction,Holger Mueller; Michael R DeWeese
PHYSICS,C142,Fall 2026,1,In-Person Instruction,Ellie Tubman
PHYSICS,C191A,Fall 2026,1,In-Person Instruction,K Birgitta Whaley; Umesh V Vazirani
PHYSICS,C202,Fall 2026,1,In-Person Instruction,Eugene Chiang
PHYSICS,C218,Fall 2026,1,In-Person Instruction,Gokul Upadhyayula; Na Ji; Robert Eric Betzig
PHYSICS,C228,Fall 2026,1,In-Person Instruction,Chung-Pei Ma
PHYSICS,C285,Fall 2026,1,In-Person Instruction,Daniel Kasen
PHYSICS,C290C,Fall 2026,1,In-Person Instruction,Martin White
PHYSICS,H195A,Fall 2026,1,In-Person Instruction,Joseph W Orenstein
PLANTBI,135,Fall 2026,1,In-Person Instruction,Anastasios Melis; Henrik Scheller
PLANTBI,170,Fall 2026,1,In-Person Instruction,Patrick M Shih; Rebecca Bart
PLANTBI,198,Fall 2026,1,In-Person Instruction,Kathleen R Ryan
PLANTBI,200A,Fall 2026,1,In-Person Instruction Time Conflict Enrollment Allowed,Benjamin P Williams
PLANTBI,200B,Fall 2026,1,In-Person Instruction,Igor V Grigoriev
PLANTBI,200C,Fall 2026,1,In-Person Instruction Time Conflict Enrollment Allowed,Benjamin K Blackman
PLANTBI,201,Fall 2026,1,In-Person Instruction,Krishna Niyogi
PLANTBI,202,Fall 2026,1,In-Person Instruction,Britt Aspen Glaunsinger
PLANTBI,205A,Fall 2026,1,In-Person Instruction,Arash Komeili
PLANTBI,220A,Fall 2026,1,In-Person Instruction Time Conflict Enrollment Allowed,Michiko E Taga
PLANTBI,220B,Fall 2026,1,In-Person Instruction,Igor V Grigoriev
PLANTBI,220E,Fall 2026,1,In-Person Instruction,John D Coates
PLANTBI,290,Fall 2026,2,In-Person Instruction,Anastasios Melis; Benjamin K Blackman; Krishna Niyogi; Patricia Lang; Sabeeha Merchant; Yan Gong
PLANTBI,292,Fall 2026,62,In-Person Instruction,Aaron Reid Leichty; Adam M Deutschbauer; Adam P Arkin; Anastasios Melis; Arash Komeili; Benjamin K Blackman
PLANTBI,296,Fall 2026,1,In-Person Instruction Time Conflict Enrollment Allowed,Kathleen R Ryan
PLANTBI,298,Fall 2026,1,In-Person Instruction,Britt Aspen Glaunsinger
PLANTBI,299,Fall 2026,40,In-Person Instruction,Aaron Reid Leichty; Adam M Deutschbauer; Adam P Arkin; Arash Komeili; Benjamin K Blackman; Benjamin P Williams
PLANTBI,602,Fall 2026,46,In-Person Instruction,Anastasios Melis; Arash Komeili; Barbara Baker; Benjamin K Blackman; Brian J Staskawicz; Britt Aspen Glaunsinger
PLANTBI,C110L,Fall 2026,1,In-Person Instruction,Lotus Lofgren; Rachel Brem
PLANTBI,C112,Fall 2026,1,In-Person Instruction,Kathleen R Ryan
PLANTBI,C112L,Fall 2026,4,In-Person Instruction,Matthew F Traxler
PLANTBI,C216,Fall 2026,1,In-Person Instruction,
PLANTBI,C96,Fall 2026,1,In-Person Instruction,
POLECON,100,Fall 2026,1,In-Person Instruction,Clare Talwalker
POLECON,101,Fall 2026,1,In-Person Instruction,Steven K Vogel
POLECON,107,Fall 2026,1,In-Person Instruction,Mario B Muzzi
POLECON,156,Fall 2026,1,In-Person Instruction,Crystal Chang
POLECON,159,Fall 2026,1,In-Person Instruction,Khalid Kadir
POLECON,198,Fall 2026,1,In-Person Instruction,
POLECON,85,Fall 2026,1,In-Person Instruction,Richard Thomas Ashcroft
POLECON,C160,Fall 2026,1,In-Person Instruction,Trevor W Jackson
POLECON,C196A,Fall 2026,1,In-Person Instruction,Marc A Sandalow
POLECON,C196B,Fall 2026,1,In-Person Instruction,
POLISH,115A,Fall 2026,1,In-Person Instruction,Katarzyna Zacha
POLISH,25A,Fall 2026,1,In-Person Instruction,Katarzyna Zacha
POLSCI,1,Fall 2026,1,Online,Robert P Van Houweling
POLSCI,106A,Fall 2026,1,In-Person Instruction,Daniel Schnur
POLSCI,109M,Fall 2026,1,In-Person Instruction,Richard Thomas Ashcroft
POLSCI,112B,Fall 2026,1,In-Person Instruction,Kinch Hoekstra
POLSCI,116D,Fall 2026,1,In-Person Instruction,Richard Thomas Ashcroft
POLSCI,116P,Fall 2026,1,In-Person Instruction,Anna Stilz
POLSCI,124A,Fall 2026,1,In-Person Instruction,Ron E Hassner
POLSCI,124R,Fall 2026,1,In-Person Instruction,Rebecca Perlman
POLSCI,124W,Fall 2026,1,In-Person Instruction,Di Wang
POLSCI,126A,Fall 2026,1,In-Person Instruction,Di Wang
POLSCI,132C,Fall 2026,1,In-Person Instruction,Kirk C Bansak
POLSCI,137H,Fall 2026,1,In-Person Instruction,Hillel Soifer
POLSCI,140F,Fall 2026,1,In-Person Instruction,Jason Wittenberg
POLSCI,140O,Fall 2026,1,In-Person Instruction,Omar Wasow
POLSCI,140W,Fall 2026,1,In-Person Instruction,Wendy Muse Sinek
POLSCI,141A,Fall 2026,1,In-Person Instruction,Steve Fish
POLSCI,145A,Fall 2026,1,In-Person Instruction,Pradeep Chhibber
POLSCI,149B,Fall 2026,1,In-Person Instruction,Xiaobo Lü
POLSCI,149E,Fall 2026,1,In-Person Instruction,Darren C Zook
POLSCI,149W,Fall 2026,1,In-Person Instruction,Jason Wittenberg
POLSCI,161,Fall 2026,1,In-Person Instruction,Stephanie A Nail
POLSCI,171,Fall 2026,1,In-Person Instruction,Edward T Lempert
POLSCI,179,Fall 2026,1,In-Person Instruction,Alan Ross
POLSCI,181,Fall 2026,1,In-Person Instruction,Christopher K Ansell
POLSCI,191,Fall 2026,5,In-Person Instruction,Christopher K Ansell; Desmond Jagmohan; Jennifer L Bussell; Mark Yaron Rosenberg; Steve Fish
POLSCI,198,Fall 2026,2,In-Person Instruction,Christopher Henry Bailey; Eli Thomas Aten; Kritin Mandala; Miguel Alfredo Muniz
POLSCI,198BC,Fall 2026,1,In-Person Instruction,Amy Gurowitz
POLSCI,200A,Fall 2026,1,In-Person Instruction,Pradeep Chhibber
POLSCI,209A,Fall 2026,1,In-Person Instruction,Jonah D Levy
POLSCI,211,Fall 2026,1,In-Person Instruction,Joshua Cohen; Wesley H Holliday
POLSCI,215B,Fall 2026,1,In-Person Instruction,Anna Stilz
POLSCI,220A,Fall 2026,1,In-Person Instruction,Michaela Mattes
POLSCI,231A,Fall 2026,1,In-Person Instruction,Erin K Hartman
POLSCI,231C,Fall 2026,1,In-Person Instruction,Kirk C Bansak
POLSCI,232B,Fall 2026,1,In-Person Instruction,Andrew T Little
POLSCI,234A,Fall 2026,1,In-Person Instruction,Hillel Soifer
POLSCI,24,Fall 2026,1,In-Person Instruction,Daniela L Cammack
POLSCI,261,Fall 2026,1,In-Person Instruction,David Broockman
POLSCI,272,Fall 2026,1,In-Person Instruction,Sarah Frances Anzia
POLSCI,290,Fall 2026,1,In-Person Instruction,Ruth B Collier
POLSCI,290A,Fall 2026,1,In-Person Instruction,Gabriel Lenz; Jennifer L Bussell
POLSCI,290IC,Fall 2026,1,In-Person Instruction,Michaela Mattes; Susan Hyde
POLSCI,290IE,Fall 2026,1,In-Person Instruction,Ryan Brutger
POLSCI,290IP,Fall 2026,1,In-Person Instruction,Omar Wasow
POLSCI,290PB,Fall 2026,1,In-Person Instruction,Cecilia Hyunjung Mo; David Broockman; Gabriel Lenz; Stephanie Zonszein Strauss
POLSCI,290PI,Fall 2026,1,In-Person Instruction,Eric Schickler; Hunter Rendleman
POLSCI,291,Fall 2026,1,In-Person Instruction,Stephanie Zonszein Strauss
POLSCI,291AS,Fall 2026,1,In-Person Instruction,Alison Elizabeth Post
POLSCI,291IR,Fall 2026,1,In-Person Instruction,Rebecca Perlman
POLSCI,291T,Fall 2026,1,In-Person Instruction,Daniela L Cammack
POLSCI,292,Fall 2026,1,In-Person Instruction,Desmond Jagmohan
POLSCI,3,Fall 2026,1,In-Person Instruction,David Broockman
POLSCI,375,Fall 2026,1,In-Person Instruction,Hillel Soifer
POLSCI,5,Fall 2026,1,In-Person Instruction,Amy Gurowitz
POLSCI,C135,Fall 2026,1,In-Person Instruction,Shachar Kariv
POLSCI,H190A,Fall 2026,3,In-Person Instruction,Amy Gurowitz; Di Wang; Terri Bimes
PORTUG,102,Fall 2026,1,In-Person Instruction,Clelia F Donovan
PORTUG,103,Fall 2026,1,In-Person Instruction,Clelia F Donovan
PORTUG,104,Fall 2026,1,In-Person Instruction,Thomaz De Oliveira Amancio
PORTUG,135,Fall 2026,1,In-Person Instruction,Nathaniel Wolfson
PORTUG,27,Fall 2026,1,In-Person Instruction,Isaac McQuinn
PORTUG,275,Fall 2026,1,In-Person Instruction,Nathaniel Wolfson
PORTUG,298,Fall 2026,1,In-Person Instruction,Nathaniel Wolfson
PORTUG,299,Fall 2026,2,In-Person Instruction,Nathaniel Wolfson
PORTUG,50,Fall 2026,2,In-Person Instruction,Jonathan Jones-Edwards; Liam Gerard Seeley
PSYCH,1,Fall 2026,2,In-Person Instruction; Online Time Conflict Enrollment Allowed,Andrea Cladek; Christopher J Gade
PSYCH,101,Fall 2026,2,In-Person Instruction,Arman Daniel Catterson
PSYCH,102,Fall 2026,1,In-Person Instruction,Keanan Joyner
PSYCH,110,Fall 2026,1,In-Person Instruction,Gul Dolen
PSYCH,115,Fall 2026,1,In-Person Instruction,Kevin S Weiner
PSYCH,134,Fall 2026,1,In-Person Instruction,Aaron Fisher
PSYCH,147,Fall 2026,1,In-Person Instruction,Celeste E Kidd
PSYCH,160,Fall 2026,1,In-Person Instruction,Serena Chen
PSYCH,168,Fall 2026,1,In-Person Instruction,Rodolfo Mendoza-Denton
PSYCH,192,Fall 2026,1,In-Person Instruction,Allison G Harvey
PSYCH,198,Fall 2026,4,In-Person Instruction,Bini Sebastian; Davi Scheinok; Isabella Darbinian; Izzy de Souza; Maia Sienna Ettlinger; Radhika Goel
PSYCH,208,Fall 2026,1,In-Person Instruction,Anne Ge Collins
PSYCH,210B,Fall 2026,1,In-Person Instruction,Lance J Kriegsfeld; Linda Wilbrecht
PSYCH,220A,Fall 2026,1,In-Person Instruction,Mariam Aly
PSYCH,229A,Fall 2026,1,In-Person Instruction,Anne Ge Collins
PSYCH,229B,Fall 2026,1,In-Person Instruction,Kevin S Weiner
PSYCH,230C,Fall 2026,1,In-Person Instruction,Giovanni Ramos
PSYCH,234D,Fall 2026,1,In-Person Instruction,Jacqueline Persons
PSYCH,236,Fall 2026,1,In-Person Instruction,Nancy H Liu
PSYCH,237E,Fall 2026,1,In-Person Instruction,Nancy H Liu
PSYCH,237G,Fall 2026,1,In-Person Instruction,Nancy H Liu
PSYCH,237H,Fall 2026,1,In-Person Instruction,Nancy H Liu
PSYCH,237S,Fall 2026,1,In-Person Instruction,
PSYCH,239,Fall 2026,1,In-Person Instruction,Allison G Harvey
PSYCH,24,Fall 2026,1,In-Person Instruction,William D Thompson
PSYCH,240A,Fall 2026,1,In-Person Instruction,Celeste E Kidd; Mahesh Srinivasan
PSYCH,249,Fall 2026,1,In-Person Instruction,Jan Engelmann
PSYCH,259,Fall 2026,1,In-Person Instruction,Arianne E Eason
PSYCH,260A,Fall 2026,1,In-Person Instruction,Dacher Keltner
PSYCH,269,Fall 2026,1,In-Person Instruction,Arianne E Eason
PSYCH,292,Fall 2026,1,In-Person Instruction,Ozlem Ayduk
PSYCH,298,Fall 2026,1,In-Person Instruction,Steven T Piantadosi
PSYCH,375,Fall 2026,1,In-Person Instruction,Arianne E Eason
PSYCH,C127,Fall 2026,1,In-Person Instruction,Amitai Shenhav
PSYCH,C143,Fall 2026,1,In-Person Instruction,Mahesh Srinivasan
PSYCH,C61,Fall 2026,1,In-Person Instruction,Tara Raam
PSYCH,H194A,Fall 2026,1,In-Person Instruction,Silvia A Bunge
PUBAFF,215,Fall 2026,1,In-Person Instruction,Peter Douglas Linquiti
PUBAFF,245,Fall 2026,1,In-Person Instruction,Mia Bird
PUBAFF,290,Fall 2026,9,In-Person Instruction; In-Person Instruction Time Conflict Enrollment Allowed; Online,Brent A Copen; David Hochschild; Doy Charnsupharindr; Francisco DeVries; Lawrence Daniel Magid; Meredith L Sadin
PUBPOL,101,Fall 2026,1,In-Person Instruction,Felix Owusu
PUBPOL,118,Fall 2026,1,In-Person Instruction,Andrew W Reddie
PUBPOL,141,Fall 2026,1,In-Person Instruction,Daniel J Acland
PUBPOL,147,Fall 2026,1,In-Person Instruction,Andrew W Reddie
PUBPOL,190,Fall 2026,2,In-Person Instruction,Henry E Brady; Jennifer Skeem
PUBPOL,198,Fall 2026,2,In-Person Instruction,Daniel J Sargent; Meredith L Sadin
PUBPOL,200A,Fall 2026,1,In-Person Instruction,Peter Douglas Linquiti
PUBPOL,210A,Fall 2026,2,In-Person Instruction Time Conflict Enrollment Allowed,Adam A Leive; Na'ama Shenhav
PUBPOL,229,Fall 2026,1,In-Person Instruction,Anibel Ferus-Comelo
PUBPOL,230,Fall 2026,1,In-Person Instruction,Dorothy Jane Bridges Kronick
PUBPOL,235,Fall 2026,1,In-Person Instruction,Dan Lindheim
PUBPOL,240A,Fall 2026,2,In-Person Instruction Time Conflict Enrollment Allowed,Dorothy Jane Bridges Kronick; Jack Glaser
PUBPOL,246,Fall 2026,1,In-Person Instruction,Felix Owusu
PUBPOL,249,Fall 2026,1,In-Person Instruction,Avi I Feller
PUBPOL,250,Fall 2026,1,In-Person Instruction,Sarah Frances Anzia
PUBPOL,255,Fall 2026,1,In-Person Instruction,Daniel J Sargent; Janet Ann Napolitano
PUBPOL,259,Fall 2026,1,In-Person Instruction,Daniel J Acland
PUBPOL,265,Fall 2026,1,In-Person Instruction,Angela Glover Blackwell
PUBPOL,287,Fall 2026,1,In-Person Instruction,Steven Alan Weissman
PUBPOL,290,Fall 2026,16,In-Person Instruction; In-Person Instruction Time Conflict Enrollment Allowed,Adam L Rosenzweig; Caitlin C Patler; Cameron D Clark; Claudia Polsky; David C Wilson; Delaney Green
PUBPOL,296,Fall 2026,1,In-Person Instruction,Jennifer Skeem
PUBPOL,297,Fall 2026,3,In-Person Instruction; In-Person Instruction Time Conflict Enrollment Allowed,Cydnie Perkins; Daniel J Sargent; Jack Glaser; Lawrence Daniel Magid; Marika Buchholz; Tony Thai
PUBPOL,375,Fall 2026,1,In-Person Instruction,Henry E Brady
PUBPOL,98,Fall 2026,1,In-Person Instruction,Meredith L Sadin
PUBPOL,C151,Fall 2026,1,In-Person Instruction,Andrew W Reddie
PUNJABI,100A,Fall 2026,1,Online,Jvala Singh
PUNJABI,1A,Fall 2026,1,Online,Jvala Singh
QTP,100,Fall 2026,1,In-Person Instruction,Eric A Stanley
QTP,101,Fall 2026,1,In-Person Instruction,Eric A Stanley
RHETOR,10,Fall 2026,1,In-Person Instruction,David W Bates
RHETOR,103B,Fall 2026,1,In-Person Instruction,Samera Esmeir
RHETOR,106,Fall 2026,1,In-Person Instruction,Nasser Zakariya
RHETOR,108,Fall 2026,1,In-Person Instruction,Nancy A Weston
RHETOR,120,Fall 2026,1,In-Person Instruction,Mario Telo
RHETOR,127,Fall 2026,1,In-Person Instruction,Pheng Cheah
RHETOR,129AC,Fall 2026,1,In-Person Instruction,Michael James Mascuch
RHETOR,137,Fall 2026,1,In-Person Instruction,Michael James Mascuch
RHETOR,145,Fall 2026,1,In-Person Instruction,Shannon Jackson
RHETOR,157A,Fall 2026,1,In-Person Instruction,Samera Esmeir
RHETOR,172,Fall 2026,1,In-Person Instruction,Nathan S Atkinson
RHETOR,189,Fall 2026,1,In-Person Instruction,Pheng Cheah
RHETOR,198,Fall 2026,2,In-Person Instruction,Cara Chow; Jose Raul Madrigal
RHETOR,200,Fall 2026,1,In-Person Instruction,James I Porter
RHETOR,221,Fall 2026,1,In-Person Instruction,Mario Telo
RHETOR,240G,Fall 2026,2,In-Person Instruction,Nasser Zakariya; Samiha Khalil
RHETOR,H190A,Fall 2026,1,In-Person Instruction,Fumi Okiji
RHETOR,R1A,Fall 2026,3,In-Person Instruction,David A Lau; Jae-Min Yoo; Nicholas Vila Byers
RHETOR,R1B,Fall 2026,2,In-Person Instruction,Zina Wang; lyndsey karr
RUSSIAN,1,Fall 2026,2,In-Person Instruction,Filippo Boscolo Gioachina; Lev Oborin; Oksana Willis
RUSSIAN,103A,Fall 2026,1,In-Person Instruction,Oksana Willis
RUSSIAN,2,Fall 2026,1,In-Person Instruction,Katie Frevert; Oksana Willis
RUSSIAN,202,Fall 2026,1,In-Person Instruction,Lyubov Golburt
RUSSIAN,3,Fall 2026,1,In-Person Instruction,Maeve Zimmerbaum; Oksana Willis
RUSSIAN,6A,Fall 2026,1,In-Person Instruction,Nicole Gonik; Oksana Willis
SANSKR,100A,Fall 2026,1,In-Person Instruction,Travis Smith
SANSKR,101A,Fall 2026,1,In-Person Instruction,Travis Smith
SASIAN,100A,Fall 2026,1,In-Person Instruction,Alexander Von Rospatt
SASIAN,125,Fall 2026,1,In-Person Instruction,Rahul Bjorn Parson
SASIAN,131,Fall 2026,1,In-Person Instruction,Vasugi Kailasam
SASIAN,144,Fall 2026,1,In-Person Instruction,Munis D Faruqui
SASIAN,161,Fall 2026,1,In-Person Instruction,Puninder Singh
SASIAN,162,Fall 2026,1,In-Person Instruction,Puninder Singh
SASIAN,199,Fall 2026,1,In-Person Instruction,Jvala Singh
SASIAN,C214,Fall 2026,1,In-Person Instruction,Jacob Dalton
SASIAN,C215,Fall 2026,1,In-Person Instruction,Robert H Sharf
SASIAN,R5A,Fall 2026,1,In-Person Instruction,Laurence Zhou; Rahul Bjorn Parson
SASIAN,R5B,Fall 2026,2,In-Person Instruction,Alex Ciolac; Rahul Bjorn Parson; Subhobroto Banerjee
SCANDIN,100A,Fall 2026,1,In-Person Instruction,Lotta Linnea Weckstrom
SCANDIN,101A,Fall 2026,1,In-Person Instruction,Jonas Wellendorf
SCANDIN,123,Fall 2026,1,In-Person Instruction,Jonas Wellendorf
SCANDIN,165,Fall 2026,1,In-Person Instruction,Tim Tangherlini
SCANDIN,180,Fall 2026,1,In-Person Instruction,Johan Klingborg
SCANDIN,191AC,Fall 2026,1,In-Person Instruction,John S Prusynski
SCANDIN,220,Fall 2026,1,In-Person Instruction,Kate Heslop
SCANDIN,249,Fall 2026,7,In-Person Instruction,Jonas Wellendorf; Karin Lisbeth Sanders; Kate Heslop; Linda Haverty Rugg; Mark B Sandberg; Tim Tangherlini
SCANDIN,250,Fall 2026,1,In-Person Instruction,
SCANDIN,298,Fall 2026,8,In-Person Instruction,Jonas Wellendorf; Karin Lisbeth Sanders; Kate Heslop; Linda Haverty Rugg; Mark B Sandberg; Tim Tangherlini
SCANDIN,299,Fall 2026,8,In-Person Instruction,Johan Klingborg; Jonas Wellendorf; Karin Lisbeth Sanders; Kate Heslop; Linda Haverty Rugg; Mark B Sandberg
SCANDIN,300B,Fall 2026,3,In-Person Instruction; In-Person Instruction Time Conflict Enrollment Allowed,John S Prusynski; Katie Ritson; Lotta Linnea Weckstrom
SCANDIN,301,Fall 2026,3,In-Person Instruction; In-Person Instruction Time Conflict Enrollment Allowed,John S Prusynski; Katie Ritson; Lotta Linnea Weckstrom
SCANDIN,375,Fall 2026,1,In-Person Instruction,Lotta Linnea Weckstrom
SCANDIN,601,Fall 2026,6,In-Person Instruction,Jonas Wellendorf; Karin Lisbeth Sanders; Kate Heslop; Linda Haverty Rugg; Mark B Sandberg
SCANDIN,602,Fall 2026,6,In-Person Instruction,Jonas Wellendorf; Karin Lisbeth Sanders; Kate Heslop; Linda Haverty Rugg; Mark B Sandberg
SCANDIN,75,Fall 2026,1,In-Person Instruction,Katie Ritson; Megan Barnett
SCANDIN,R5A,Fall 2026,1,In-Person Instruction,John S Prusynski; Joy Zhang
SCANDIN,R5B,Fall 2026,1,In-Person Instruction,John S Prusynski; Olivia Audrey Larson
SCMATHE,292,Fall 2026,1,In-Person Instruction Time Conflict Enrollment Allowed,Lloyd Goldwasser
SCMATHE,299,Fall 2026,8,In-Person Instruction,Alan H Schoenfeld; Alice M Agogino; Andrea A diSessa; Angelica M Stacy; Dor Abrahamson; Michael A Ranney
SCMATHE,602,Fall 2026,4,In-Person Instruction,Alan H Schoenfeld; Andrea A diSessa; Angelica M Stacy; Michael A Ranney
SEASIAN,101A,Fall 2026,1,In-Person Instruction,Rebekah Linh Collins
SEASIAN,137,Fall 2026,1,In-Person Instruction,Sylvia C Tiwon
SEASIAN,198,Fall 2026,1,In-Person Instruction,
SEASIAN,299,Fall 2026,1,In-Person Instruction,
SEASIAN,R5A,Fall 2026,1,In-Person Instruction,Rahul Bjorn Parson; Vincent Pacheco
SEASIAN,R5B,Fall 2026,4,In-Person Instruction,Qiao Dai; Rahul Bjorn Parson; Rebekah Linh Collins; Solihin Bin Samsuri
SLAVIC,100,Fall 2026,1,In-Person Instruction,Edward Tyerman
SLAVIC,100L,Fall 2026,1,In-Person Instruction,Eric Naiman
SLAVIC,100R,Fall 2026,1,In-Person Instruction,Djordje Popovic
SLAVIC,133,Fall 2026,1,In-Person Instruction,Lyubov Golburt
SLAVIC,134D,Fall 2026,1,In-Person Instruction,Robyn M Jensen
SLAVIC,134E,Fall 2026,1,In-Person Instruction,Eric Naiman
SLAVIC,147B,Fall 2026,1,In-Person Instruction,Antje Postema
SLAVIC,148,Fall 2026,1,In-Person Instruction,Edward Tyerman
SLAVIC,170,Fall 2026,1,In-Person Instruction,Djordje Popovic
SLAVIC,171,Fall 2026,1,In-Person Instruction,Djordje Popovic
SLAVIC,199,Fall 2026,1,In-Person Instruction,Edward Tyerman
SLAVIC,200,Fall 2026,1,In-Person Instruction,Lyubov Golburt
SLAVIC,214,Fall 2026,1,In-Person Instruction,Darya A Kavitskaya
SLAVIC,280,Fall 2026,1,In-Person Instruction,Robyn M Jensen
SLAVIC,281,Fall 2026,1,In-Person Instruction,Harsha Ram
SLAVIC,298,Fall 2026,14,In-Person Instruction,Anne Nesbet; Darya A Kavitskaya; Djordje Popovic; Edward Tyerman; Eric Naiman; Harsha Ram
SLAVIC,299,Fall 2026,12,In-Person Instruction,Anne Nesbet; Darya A Kavitskaya; Djordje Popovic; Edward Tyerman; Eric Naiman; Harsha Ram
SLAVIC,310,Fall 2026,4,In-Person Instruction,Lyubov Golburt
SLAVIC,375A,Fall 2026,1,In-Person Instruction Time Conflict Enrollment Allowed,Oksana Willis
SLAVIC,375B,Fall 2026,1,In-Person Instruction,Robyn M Jensen
SLAVIC,45,Fall 2026,1,In-Person Instruction,Harsha Ram
SLAVIC,601,Fall 2026,10,In-Person Instruction,Anne Nesbet; Darya A Kavitskaya; Eric Naiman; Harsha Ram; Irina Paperno; Lyubov Golburt
SLAVIC,602,Fall 2026,10,In-Person Instruction,Anna Muza; Anne Nesbet; Darya A Kavitskaya; Edward Tyerman; Eric Naiman; Harsha Ram
SLAVIC,98,Fall 2026,1,In-Person Instruction,Edward Tyerman; Lilia Grace Maturo
SLAVIC,R5A,Fall 2026,1,In-Person Instruction,Katherine Sinyavin; Robyn M Jensen
SLAVIC,R5B,Fall 2026,3,In-Person Instruction,Charles McKenna Smith; Hank Miller; Lucas Edward Plazek; Robyn M Jensen
SOCIOL,1,Fall 2026,1,In-Person Instruction,Robert Braun
SOCIOL,101,Fall 2026,1,In-Person Instruction,Fatmir Haskaj
SOCIOL,102,Fall 2026,1,In-Person Instruction,Lorraine Cruz Del Rio
SOCIOL,106,Fall 2026,1,In-Person Instruction,Peter Hurtubise
SOCIOL,107,Fall 2026,1,In-Person Instruction,Michael Rodriguez
SOCIOL,110,Fall 2026,1,In-Person Instruction,Linus B Huang
SOCIOL,111AC,Fall 2026,1,In-Person Instruction,Joanna M Reed
SOCIOL,113AC,Fall 2026,1,In-Person Instruction,Peter Hurtubise
SOCIOL,119L,Fall 2026,1,In-Person Instruction,Joseph Klett
SOCIOL,120,Fall 2026,1,In-Person Instruction,Armando O Lara-Millan
SOCIOL,121,Fall 2026,1,In-Person Instruction,Szonja Ivester
SOCIOL,127,Fall 2026,1,In-Person Instruction,Edwin K Lin; Kirstin Krusell
SOCIOL,130,Fall 2026,1,In-Person Instruction,Szonja Ivester
SOCIOL,131AC,Fall 2026,1,In-Person Instruction,Laleh Behbehanian
SOCIOL,135,Fall 2026,1,In-Person Instruction,Jill A Bakehorn
SOCIOL,136,Fall 2026,1,In-Person Instruction,Fatmir Haskaj
SOCIOL,139,Fall 2026,1,In-Person Instruction,Brian A Bedford
SOCIOL,140,Fall 2026,1,In-Person Instruction,Cihan Ziya Tugal
SOCIOL,146AC,Fall 2026,1,In-Person Instruction,Stephanie L Canizales
SOCIOL,149P,Fall 2026,1,In-Person Instruction,Laleh Behbehanian
SOCIOL,150,Fall 2026,1,In-Person Instruction,John W Kaiser
SOCIOL,163,Fall 2026,1,In-Person Instruction,Marina Romani
SOCIOL,166,Fall 2026,1,In-Person Instruction,Joseph Klett
SOCIOL,167,Fall 2026,1,In-Person Instruction,Edwin K Lin; Xuan Jin
SOCIOL,169,Fall 2026,2,In-Person Instruction,Ekedi A Mpondo-Dika; Marina Romani
SOCIOL,169C,Fall 2026,2,In-Person Instruction,John W Kaiser; Marina Romani
SOCIOL,169F,Fall 2026,1,In-Person Instruction,Jill A Bakehorn
SOCIOL,179,Fall 2026,1,In-Person Instruction,John Lie
SOCIOL,182,Fall 2026,1,In-Person Instruction,Loic Wacquant
SOCIOL,190,Fall 2026,6,In-Person Instruction,ELIZA BROWN; John Lie; Joseph Klett; Justin Germain; Kristen S Harknett; Natalie Pasquinelli
SOCIOL,198,Fall 2026,3,In-Person Instruction,Che Lynne Abram; Martha Chavez; Quin Hussey; Trond K Petersen
SOCIOL,198BC,Fall 2026,4,In-Person Instruction,G Cristina Mora
SOCIOL,200,Fall 2026,1,In-Person Instruction,Jeffrey Lockhart
SOCIOL,201A,Fall 2026,1,In-Person Instruction,Ekedi A Mpondo-Dika
SOCIOL,202C,Fall 2026,1,In-Person Instruction,Dylan J Riley
SOCIOL,271A,Fall 2026,1,In-Person Instruction,Jeffrey Lockhart
SOCIOL,271B,Fall 2026,1,In-Person Instruction,Danya Lagos
SOCIOL,273L,Fall 2026,1,In-Person Instruction,Jeffrey Lockhart
SOCIOL,280A,Fall 2026,1,In-Person Instruction,Loic Wacquant
SOCIOL,280B,Fall 2026,1,In-Person Instruction,Michael Rodriguez
SOCIOL,280X,Fall 2026,1,In-Person Instruction,Stephanie L Canizales
SOCIOL,280Y,Fall 2026,1,In-Person Instruction,John Lie
SOCIOL,292,Fall 2026,1,In-Person Instruction,David James Harding
SOCIOL,298,Fall 2026,1,In-Person Instruction,Trond K Petersen
SOCIOL,375,Fall 2026,1,In-Person Instruction,Anthony Palafox; Ricarda Hammer
SOCIOL,3AC,Fall 2026,1,In-Person Instruction,Charles Sarno
SOCIOL,5,Fall 2026,1,In-Person Instruction,Edwin K Lin
SOCIOL,7,Fall 2026,1,In-Person Instruction,Linus B Huang
SOCIOL,C126,Fall 2026,1,In-Person Instruction,Diana Greene Foster
SOCIOL,C6,Fall 2026,1,In-Person Instruction,John Louis-Strakes Lopez; Jonathan Pedroza
SOCIOL,H190A,Fall 2026,2,In-Person Instruction,Joanna M Reed; Laleh Behbehanian
SOCIOL,R1B,Fall 2026,3,In-Person Instruction,Charles Sarno; Lorraine Cruz Del Rio; Maxwell Lindquist
SOCWEL,110,Fall 2026,1,In-Person Instruction,Jill D Berrick
SOCWEL,112,Fall 2026,1,In-Person Instruction,Neil Gilbert
SOCWEL,114,Fall 2026,1,In-Person Instruction,Valerie Shapiro
SOCWEL,150AC,Fall 2026,1,In-Person Instruction,Kurt C Organista
SOCWEL,198,Fall 2026,1,In-Person Instruction,Jill D Berrick
SOCWEL,198BC,Fall 2026,1,In-Person Instruction,Jill D Berrick
SOCWEL,200,Fall 2026,1,Online Time Conflict Enrollment Allowed,Paul R Sterzing
SOCWEL,205,Fall 2026,1,In-Person Instruction,Brianna Suslovic
SOCWEL,220,Fall 2026,3,In-Person Instruction,Mo'e Yaisikana; Neil Gilbert; Yu-Ling Chang
SOCWEL,232,Fall 2026,1,In-Person Instruction,Joyce Dorado
SOCWEL,238C,Fall 2026,1,In-Person Instruction,Emmeline Chuang
SOCWEL,240,Fall 2026,3,In-Person Instruction,Alejandro Nunez; Teresa Abrahamson-Richards; Tina K Sacks
SOCWEL,241,Fall 2026,3,In-Person Instruction,Angie Perone; Joyce Dorado; Kristina Lovato; Melissa Leigh Granville
SOCWEL,250U,Fall 2026,1,In-Person Instruction,Jamie Suki Chang; Yamile Marti
SOCWEL,250Z,Fall 2026,1,In-Person Instruction,Adrian Aguilera
SOCWEL,265T,Fall 2026,1,In-Person Instruction,Joyce Dorado
SOCWEL,279,Fall 2026,1,In-Person Instruction,Alejandro Nunez; Tina K Sacks
SOCWEL,282A,Fall 2026,2,In-Person Instruction,Erin Michelle Turner Kerrison
SOCWEL,289A,Fall 2026,1,In-Person Instruction,Tina K Sacks
SOCWEL,294,Fall 2026,3,In-Person Instruction; In-Person Instruction Time Conflict Enrollment Allowed,Anu Manchikanti Gomez; Jill D Berrick; Yamile Marti
SOCWEL,296,Fall 2026,4,In-Person Instruction,Brianna Suslovic; Jennifer Skeem; Paul R Sterzing; Susan I Stone
SOCWEL,299C,Fall 2026,1,In-Person Instruction,Tina K Sacks
SOCWEL,410A,Fall 2026,1,In-Person Instruction,Paul R Sterzing
SOCWEL,412A,Fall 2026,1,In-Person Instruction,Paul R Sterzing
SOCWEL,98,Fall 2026,1,In-Person Instruction,Jill D Berrick
SOCWEL,98BC,Fall 2026,1,In-Person Instruction,Jill D Berrick
SOCWEL,C181,Fall 2026,1,In-Person Instruction,Jennifer Skeem
SPANISH,1,Fall 2026,4,In-Person Instruction,Amir Effat; Coral del Mar Murphy Marcos; Joseph Michael Rager; Julian Vargo
SPANISH,100,Fall 2026,2,In-Person Instruction,Jhonni Carr; Sarah Lease
SPANISH,102A,Fall 2026,2,In-Person Instruction,Oscar Perea Rodriguez
SPANISH,104A,Fall 2026,1,In-Person Instruction,Arturo Gabriel Davila Sanchez
SPANISH,107B,Fall 2026,1,In-Person Instruction,Michael Iarocci
SPANISH,135,Fall 2026,3,In-Person Instruction,Daniella Cadiz Bedini; Paulina Leon; Victoria Martinez Robertson
SPANISH,161,Fall 2026,1,In-Person Instruction,Jhonni Carr
SPANISH,163,Fall 2026,1,In-Person Instruction,Jhonni Carr
SPANISH,179,Fall 2026,1,In-Person Instruction,Nikolai Andres Schwarz
SPANISH,197,Fall 2026,1,In-Person Instruction,Oscar Perea Rodriguez
SPANISH,199,Fall 2026,1,In-Person Instruction,Oscar Perea Rodriguez
SPANISH,2,Fall 2026,4,In-Person Instruction,Agustin De Jesus; Anna Rodas; Jose R Lujan Perez
SPANISH,200A,Fall 2026,1,In-Person Instruction,Nathaniel Wolfson
SPANISH,21,Fall 2026,1,In-Person Instruction,Veronica Ivone Grajeda
SPANISH,22,Fall 2026,1,In-Person Instruction,Jose R Lujan Perez
SPANISH,25,Fall 2026,1,In-Person Instruction,Daylet Dominguez
SPANISH,280,Fall 2026,2,In-Person Instruction,Daniella Cadiz Bedini; Natalia Brizuela
SPANISH,298,Fall 2026,11,In-Person Instruction,Alex Saum-Pascual; Daniella Cadiz Bedini; Daylet Dominguez; Estelle Tarica; Ignacio E Navarrete; Justin Davidson
SPANISH,299,Fall 2026,11,In-Person Instruction,Alex Saum-Pascual; Daniella Cadiz Bedini; Daylet Dominguez; Estelle Tarica; Ignacio E Navarrete; Justin Davidson
SPANISH,3,Fall 2026,3,In-Person Instruction,Ana Belen Redondo Campillos; Anna Knall; Mia Lilly
SPANISH,302,Fall 2026,1,In-Person Instruction,Miriam Hernandez-Rodriguez
SPANISH,33,Fall 2026,1,In-Person Instruction,Raul Coronado
SPANISH,375,Fall 2026,1,In-Person Instruction,Miriam Hernandez-Rodriguez
SPANISH,4,Fall 2026,2,In-Person Instruction,Agustin De Jesus
SPANISH,601,Fall 2026,1,In-Person Instruction,Estelle Tarica
SPANISH,602,Fall 2026,1,In-Person Instruction,Estelle Tarica
SPANISH,H195A,Fall 2026,3,In-Person Instruction,Daylet Dominguez; Estelle Tarica; Oscar Perea Rodriguez
SPANISH,H195B,Fall 2026,2,In-Person Instruction,Justin Davidson
SPANISH,R1A,Fall 2026,3,In-Person Instruction,Derek Jay Allen; Gabi Rodriguez Lebron; Paz Regueiro
SSEASN,24,Fall 2026,1,In-Person Instruction,Nora Koa
SSEASN,250,Fall 2026,2,In-Person Instruction,Munis D Faruqui; Vasugi Kailasam
SSEASN,375,Fall 2026,1,In-Person Instruction,Rahul Bjorn Parson
SSEASN,C220,Fall 2026,1,In-Person Instruction,
SSEASN,C52,Fall 2026,1,In-Person Instruction,Robert H Sharf
STAT,133,Fall 2026,1,In-Person Instruction,Andrew Bray
STAT,134,Fall 2026,1,In-Person Instruction,Adam R Lucas; Shirshendu Ganguly
STAT,135,Fall 2026,1,In-Person Instruction,Elizabeth Purdom
STAT,150,Fall 2026,1,In-Person Instruction,Arash Jamshidpey
STAT,151A,Fall 2026,1,In-Person Instruction,Hugo Chardon
STAT,153,Fall 2026,1,In-Person Instruction,Adityanand Guntuboyina
STAT,154,Fall 2026,1,In-Person Instruction,Ryan Giordano
STAT,155,Fall 2026,1,In-Person Instruction,Shobhana Murali Stoyanov
STAT,156,Fall 2026,1,In-Person Instruction,Peng Ding
STAT,157,Fall 2026,1,In-Person Instruction,Michael Mahoney
STAT,159,Fall 2026,1,In-Person Instruction,Gaston Sanchez Trujillo
STAT,198,Fall 2026,3,In-Person Instruction Time Conflict Enrollment Allowed,
STAT,2,Fall 2026,1,Online,Adam R Lucas
STAT,20,Fall 2026,9,In-Person Instruction,Adam R Lucas; Andrea Massari; Gaston Sanchez Trujillo; Jeremy Sanchez; Shobhana Murali Stoyanov
STAT,201A,Fall 2026,1,In-Person Instruction,Nikita Zhivotovskiy
STAT,201B,Fall 2026,1,In-Person Instruction,Haiyan Huang
STAT,210A,Fall 2026,1,In-Person Instruction,William Fithian
STAT,215A,Fall 2026,1,In-Person Instruction,Bin Yu
STAT,243A,Fall 2026,1,In-Person Instruction,Christopher Paciorek
STAT,243B,Fall 2026,1,In-Person Instruction,Christopher Paciorek
STAT,248,Fall 2026,1,In-Person Instruction,Adityanand Guntuboyina
STAT,254,Fall 2026,1,In-Person Instruction,Ryan Giordano
STAT,256,Fall 2026,1,In-Person Instruction,Peng Ding
STAT,259,Fall 2026,1,In-Person Instruction,Gaston Sanchez Trujillo
STAT,260,Fall 2026,1,In-Person Instruction,Avi I Feller
STAT,278B,Fall 2026,2,In-Person Instruction,Arash Jamshidpey; Hugo Chardon; Jingfeng Wu
STAT,298,Fall 2026,2,In-Person Instruction; In-Person Instruction Time Conflict Enrollment Allowed,Amanda Coston; Avi I Feller; Peng Ding; Vadim Gorin
STAT,299,Fall 2026,40,In-Person Instruction,Adityanand Guntuboyina; Alan Hammond; Amanda Coston; Avi I Feller; Bin Yu; Christopher Paciorek
STAT,375,Fall 2026,1,In-Person Instruction,Shobhana Murali Stoyanov
STAT,601,Fall 2026,1,In-Person Instruction,Adityanand Guntuboyina
STAT,602,Fall 2026,1,In-Person Instruction,Vadim Gorin
STAT,C102,Fall 2026,1,In-Person Instruction,Alexander Strang
STAT,C131A,Fall 2026,1,In-Person Instruction,Josh Grossman
STAT,C205A,Fall 2026,1,In-Person Instruction,Steven N Evans
STAT,C241A,Fall 2026,1,In-Person Instruction,Jason Lee
STAT,C245B,Fall 2026,1,In-Person Instruction,Mark van der Laan
STAT,C8,Fall 2026,1,In-Person Instruction,
STS,C200,Fall 2026,1,In-Person Instruction,Massimo Mazzotti
SWEDISH,1A,Fall 2026,1,In-Person Instruction,Maria Ramsden
TAMIL,101A,Fall 2026,1,In-Person Instruction,Bharathy Sankara Rajulu
TAMIL,1A,Fall 2026,1,In-Person Instruction,Bharathy Sankara Rajulu
TELUGU,1A,Fall 2026,1,In-Person Instruction,Bharathy Sankara Rajulu
THAI,100A,Fall 2026,1,Online,Nuchinun Kluaythong
THEATER,10,Fall 2026,3,In-Person Instruction,Jessica Berman; Margo Hall; Patrick A Russell
THEATER,109,Fall 2026,2,In-Person Instruction,Margo Hall; Michael S Moran
THEATER,110A,Fall 2026,2,In-Person Instruction,Christopher Herold; Daniel Larlham
THEATER,111,Fall 2026,1,In-Person Instruction,Christopher Herold
THEATER,114,Fall 2026,2,In-Person Instruction,Angela Marino; Karina Gutierrez
THEATER,119,Fall 2026,1,In-Person Instruction,Abigail T De Kosnik
THEATER,121,Fall 2026,1,In-Person Instruction,Angela Marino
THEATER,14,Fall 2026,1,In-Person Instruction,Philip Brankin
THEATER,141,Fall 2026,1,In-Person Instruction,IuHui Chua
THEATER,142,Fall 2026,1,In-Person Instruction,Erik Keith Raymond Lee
THEATER,144,Fall 2026,1,In-Person Instruction,Bear Graham
THEATER,146A,Fall 2026,1,In-Person Instruction,Lisa Wymore
THEATER,151,Fall 2026,1,In-Person Instruction,Julia H Fawcett
THEATER,162,Fall 2026,1,In-Person Instruction,Karina Gutierrez
THEATER,167,Fall 2026,1,In-Person Instruction,Jamila R Cobham
THEATER,168,Fall 2026,6,In-Person Instruction,Jamila R Cobham
THEATER,169,Fall 2026,1,In-Person Instruction,Jamila R Cobham
THEATER,172,Fall 2026,1,In-Person Instruction,Rebecca Ennals
THEATER,173,Fall 2026,1,In-Person Instruction,Arnel Sancianco
THEATER,174,Fall 2026,1,In-Person Instruction,Dominique Hill
THEATER,175A,Fall 2026,1,In-Person Instruction,Ray Oppenheimer
THEATER,181,Fall 2026,1,In-Person Instruction,
THEATER,199,Fall 2026,1,In-Person Instruction,
THEATER,200A,Fall 2026,1,In-Person Instruction,Julia H Fawcett
THEATER,201A,Fall 2026,1,In-Person Instruction,Roshanak Kheshti
THEATER,26,Fall 2026,1,In-Person Instruction,Roshanak Kheshti
THEATER,266,Fall 2026,2,In-Person Instruction,Brandi N Catanese; Shannon Jackson
THEATER,375,Fall 2026,1,In-Person Instruction,Angela Marino
THEATER,40,Fall 2026,1,In-Person Instruction,Erik Keith Raymond Lee
THEATER,52AC,Fall 2026,1,In-Person Instruction,Sima V Belmar
THEATER,60,Fall 2026,1,In-Person Instruction,Laxmi Kumaran
THEATER,98,Fall 2026,1,In-Person Instruction,
THEATER,99,Fall 2026,1,In-Person Instruction,
THEATER,R1A,Fall 2026,3,In-Person Instruction,Fernando Antonio Martinez; Rikki Amani; Zachary Herring
THEATER,R1B,Fall 2026,4,In-Person Instruction,Leila Mire; Sima V Belmar; Srijani Ghosh; Talia Katherine Dixon
TIBETAN,1A,Fall 2026,1,In-Person Instruction,Jacob Dalton; Matteo De Micheli
TIBETAN,C214,Fall 2026,1,In-Person Instruction,Jacob Dalton
TURKISH,100A,Fall 2026,1,In-Person Instruction,Jason Rodriguez Vivrette
TURKISH,1A,Fall 2026,1,In-Person Instruction,Jason Rodriguez Vivrette
UGBA,100,Fall 2026,7,In-Person Instruction,Arturo Perez-Reyes; Daniel Alan Himelstein; Janet M Brady; Krystal Jalene Thomas
UGBA,101A,Fall 2026,2,In-Person Instruction,Eyueb Yegen
UGBA,101B,Fall 2026,2,In-Person Instruction,Don Hanna
UGBA,102A,Fall 2026,3,In-Person Instruction,Erick O Bell; Valerie Zhang
UGBA,102B,Fall 2026,2,In-Person Instruction,John Briginshaw
UGBA,103,Fall 2026,2,In-Person Instruction,Stephen W Etter
UGBA,104,Fall 2026,1,In-Person Instruction,Ilan Morgenstern; Thomas Y Lee
UGBA,105,Fall 2026,2,In-Person Instruction,Edward Kass
UGBA,106,Fall 2026,4,In-Person Instruction,Bill Fanning; Janet M Brady; Ming Hsu
UGBA,107,Fall 2026,1,In-Person Instruction,Alan Ross
UGBA,10X,Fall 2026,1,In-Person Instruction,Brandi Pearce; Harris C Sondak; Jonathan Heyne; Sa-kiera Tiarra Jolynn Hudson
UGBA,120AA,Fall 2026,1,In-Person Instruction,Erick O Bell
UGBA,122,Fall 2026,1,In-Person Instruction,John Briginshaw
UGBA,125,Fall 2026,1,In-Person Instruction,Noga Abraham
UGBA,126,Fall 2026,1,In-Person Instruction,Noga Abraham
UGBA,131,Fall 2026,1,In-Person Instruction,Stephen W Etter
UGBA,133,Fall 2026,1,In-Person Instruction,Samuel J Olesky
UGBA,135,Fall 2026,3,In-Person Instruction,Robert J Shaye; Terrance T Odean
UGBA,137,Fall 2026,1,In-Person Instruction,Jenny Herbert Creek
UGBA,150,Fall 2026,1,In-Person Instruction,Brandi Pearce
UGBA,152,Fall 2026,2,In-Person Instruction,Holly A Schroth
UGBA,159,Fall 2026,1,In-Person Instruction,Alex Budak
UGBA,160,Fall 2026,1,In-Person Instruction,Bill Fanning
UGBA,168B,Fall 2026,1,In-Person Instruction,Mohammed Nadeem
UGBA,170AC,Fall 2026,1,In-Person Instruction,David E Harris
UGBA,171A,Fall 2026,1,In-Person Instruction,Kelsey Jack
UGBA,175,Fall 2026,1,In-Person Instruction,Alan Ross
UGBA,176,Fall 2026,1,In-Person Instruction,Diane D Dwyer
UGBA,177,Fall 2026,1,In-Person Instruction,Olaf Groth
UGBA,178,Fall 2026,1,In-Person Instruction,Daniel Alan Himelstein
UGBA,179,Fall 2026,1,In-Person Instruction,Daniel Alan Himelstein
UGBA,183,Fall 2026,1,In-Person Instruction,Olivia Bordeu
UGBA,190D,Fall 2026,1,In-Person Instruction,Mariana C Somma
UGBA,190T,Fall 2026,5,In-Person Instruction,Chelsea M Gregory; Chris Bush; Elizabeth M Kovats; Jon Metzler; Mariana C Somma; Rhonda Shrader
UGBA,191I,Fall 2026,1,In-Person Instruction,Cort A Worthington; Ori Brafman; Susan L Snyder
UGBA,191L,Fall 2026,1,In-Person Instruction,Ingrid M Gavshon; Suzanne Houlihan
UGBA,191P,Fall 2026,2,In-Person Instruction,Cort A Worthington
UGBA,192A,Fall 2026,1,In-Person Instruction,Joe William Dougherty
UGBA,192P,Fall 2026,1,In-Person Instruction,Deborah O Krackeler; Jenny Vaughan
UGBA,192T,Fall 2026,2,In-Person Instruction,Brittany Danielle Sartor; Dave Rochlin; Isabel Madzorera; Miyoko Schinner
UGBA,195P,Fall 2026,1,In-Person Instruction,Peter W Molloy
UGBA,199,Fall 2026,1,In-Person Instruction,Emma Katherine Hayes Daftary
UGBA,39AC,Fall 2026,1,In-Person Instruction,Alicia E Perez; Colin P Lacon
UGBA,88,Fall 2026,2,In-Person Instruction,Kunal Cholera
UGBA,96,Fall 2026,1,In-Person Instruction,Judy Hopelain
UGBA,C12,Fall 2026,1,Online,Chelsea M Gregory; Christyna Maria Serrano
UGBA,C196C,Fall 2026,1,Online,Chelsea M Gregory; Christyna Maria Serrano
UGIS,140,Fall 2026,1,In-Person Instruction,Inge Bruggeman
UGIS,192A,Fall 2026,33,In-Person Instruction,Alessandra Lanzara; Jessica Stewart; Stefanie Ebeling
UGIS,192B,Fall 2026,132,In-Person Instruction,Alessandra Lanzara; Jessica Stewart; Stefanie Ebeling
UGIS,192C,Fall 2026,92,In-Person Instruction,Jessica Stewart; Stefanie Ebeling
UGIS,192D,Fall 2026,41,In-Person Instruction,Jessica Stewart; Stefanie Ebeling
UGIS,192E,Fall 2026,45,In-Person Instruction,Jessica Stewart; Stefanie Ebeling
UGIS,198,Fall 2026,2,In-Person Instruction,
UKRAINI,100,Fall 2026,1,In-Person Instruction,Nataliia Goshylyk
UKRAINI,1A,Fall 2026,1,In-Person Instruction,Nataliia Goshylyk
URDU,100A,Fall 2026,1,In-Person Instruction,Amara Ali
URDU,1A,Fall 2026,1,In-Person Instruction,Amara Ali
VIETNMS,100A,Fall 2026,1,In-Person Instruction,Hanh Tran
VIETNMS,101A,Fall 2026,1,In-Person Instruction,Cam N Nguyen
VIETNMS,1A,Fall 2026,1,In-Person Instruction,
VISSCI,199,Fall 2026,2,In-Person Instruction,Christine Frances Wildsoet; Stanley A Klein
VISSCI,298,Fall 2026,1,In-Person Instruction,Karsten Gronert
VISSCI,299,Fall 2026,40,In-Person Instruction,Alexander Huth; Austin Roorda; Bruno A. Olshausen; Christine Frances Wildsoet; David Whitney; Dennis Levi
VISSCI,375A,Fall 2026,1,In-Person Instruction,Teresa Puthussery
VISSCI,602,Fall 2026,4,In-Person Instruction,
VISSCI,84,Fall 2026,1,In-Person Instruction,Christine Frances Wildsoet
XMBA,200C,Fall 2026,1,In-Person Instruction,Amelia R Kusar; Ariela M Morgenstern; Doy Charnsupharindr; Ingrid M Gavshon; Jennifer A Caleshu; Kunal Cholera
XMBA,200S,Fall 2026,1,In-Person Instruction,William Reed Walker
XMBA,201A,Fall 2026,1,In-Person Instruction,Steve Tadelis
XMBA,202,Fall 2026,1,In-Person Instruction,Veselina Dinova
XMBA,222,Fall 2026,1,In-Person Instruction,Veselina Dinova
XMBA,231,Fall 2026,1,In-Person Instruction,Thomas M Mertens
XMBA,236V,Fall 2026,1,In-Person Instruction,Maura L O'Neill
XMBA,255,Fall 2026,1,In-Person Instruction,Harris C Sondak
XMBA,257,Fall 2026,2,In-Person Instruction; Online,Cameron Anderson; Maura L O'Neill
XMBA,267,Fall 2026,1,Online,Yuichiro Kamada
XMBA,290T,Fall 2026,1,In-Person Instruction,Gregory Shove; Lucas A Miller
XMBA,291RA,Fall 2026,1,In-Person Instruction,Jennifer A Caleshu
XMBA,292T,Fall 2026,1,Online,Omar Romero-Hernandez
XMBA,293,Fall 2026,1,In-Person Instruction,Cort A Worthington
XMBA,295T,Fall 2026,2,In-Person Instruction; Online,Abhishek Nagaraj; Rhonda Shrader; Seo Yeon Yoon
XMBA,296,Fall 2026,4,In-Person Instruction; Online,Vicki Orlando
XMBA,298I,Fall 2026,1,In-Person Instruction,Kris Balderston
YIDDISH,101A,Fall 2026,1,In-Person Instruction,Sara Feldman
